WRN 2026-09-04T19:03:31.021 ui.53994   tui_handle_term_mode:226: TUI: terminal mode 69 unavailable, state 0
WRN 2026-09-04T19:03:31.021 ui.53994   tui_handle_term_mode:239: TUI: terminal mode 2026 detected, state 2
WRN 2026-09-04T19:03:31.021 ui.53994   tui_handle_term_mode:226: TUI: terminal mode 2027 unavailable, state 0
WRN 2026-09-04T19:03:31.021 ui.53994   tui_handle_term_mode:239: TUI: terminal mode 2031 detected, state 2
WRN 2026-09-04T19:03:31.021 ui.53994   tui_handle_term_mode:239: TUI: terminal mode 2048 detected, state 2
WRN 2026-09-04T19:12:06.752 ui.55761   tui_handle_term_mode:226: TUI: terminal mode 69 unavailable, state 0
WRN 2026-09-04T19:12:06.752 ui.55761   tui_handle_term_mode:239: TUI: terminal mode 2026 detected, state 2
WRN 2026-09-04T19:12:06.752 ui.55761   tui_handle_term_mode:226: TUI: terminal mode 2027 unavailable, state 0
WRN 2026-09-04T19:12:06.752 ui.55761   tui_handle_term_mode:239: TUI: terminal mode 2031 detected, state 2
WRN 2026-09-04T19:12:06.752 ui.55761   tui_handle_term_mode:239: TUI: terminal mode 2048 detected, state 2
WRN 2026-09-04T19:15:10.916 ui.57293   tui_handle_term_mode:226: TUI: terminal mode 69 unavailable, state 0
WRN 2026-09-04T19:15:10.916 ui.57293   tui_handle_term_mode:239: TUI: terminal mode 2026 detected, state 2
WRN 2026-09-04T19:15:10.916 ui.57293   tui_handle_term_mode:226: TUI: terminal mode 2027 unavailable, state 0
WRN 2026-09-04T19:15:10.916 ui.57293   tui_handle_term_mode:239: TUI: terminal mode 2031 detected, state 2
WRN 2026-09-04T19:15:10.916 ui.57293   tui_handle_term_mode:239: TUI: terminal mode 2048 detected, state 2
WRN 2026-09-04T19:18:14.207 ui.58313   tui_handle_term_mode:226: TUI: terminal mode 69 unavailable, state 0
WRN 2026-09-04T19:18:14.207 ui.58313   tui_handle_term_mode:239: TUI: terminal mode 2026 detected, state 2
WRN 2026-09-04T19:18:14.207 ui.58313   tui_handle_term_mode:226: TUI: terminal mode 2027 unavailable, state 0
WRN 2026-09-04T19:18:14.207 ui.58313   tui_handle_term_mode:239: TUI: terminal mode 2031 detected, state 2
WRN 2026-09-04T19:18:14.207 ui.58313   tui_handle_term_mode:239: TUI: terminal mode 2048 detected, state 2
WRN 2026-09-04T19:21:53.843 ui.59628   tui_handle_term_mode:226: TUI: terminal mode 69 unavailable, state 0
WRN 2026-09-04T19:21:53.843 ui.59628   tui_handle_term_mode:239: TUI: terminal mode 2026 detected, state 2
WRN 2026-09-04T19:21:53.843 ui.59628   tui_handle_term_mode:226: TUI: terminal mode 2027 unavailable, state 0
WRN 2026-09-04T19:21:53.843 ui.59628   tui_handle_term_mode:239: TUI: terminal mode 2031 detected, state 2
WRN 2026-09-04T19:21:53.843 ui.59628   tui_handle_term_mode:239: TUI: terminal mode 2048 detected, state 2
WRN 2026-09-04T19:22:26.956 ui.59700   tui_handle_term_mode:226: TUI: terminal mode 69 unavailable, state 0
WRN 2026-09-04T19:22:26.956 ui.59700   tui_handle_term_mode:239: TUI: terminal mode 2026 detected, state 2
WRN 2026-09-04T19:22:26.956 ui.59700   tui_handle_term_mode:226: TUI: terminal mode 2027 unavailable, state 0
WRN 2026-09-04T19:22:26.956 ui.59700   tui_handle_term_mode:239: TUI: terminal mode 2031 detected, state 2
WRN 2026-09-04T19:22:26.956 ui.59700   tui_handle_term_mode:239: TUI: terminal mode 2048 detected, state 2
WRN 2026-09-05T05:41:05.725 ui.2251    tui_handle_term_mode:226: TUI: terminal mode 69 unavailable, state 0
WRN 2026-09-05T05:41:05.726 ui.2251    tui_handle_term_mode:239: TUI: terminal mode 2026 detected, state 2
WRN 2026-09-05T05:41:05.726 ui.2251    tui_handle_term_mode:226: TUI: terminal mode 2027 unavailable, state 0
WRN 2026-09-05T05:41:05.726 ui.2251    tui_handle_term_mode:239: TUI: terminal mode 2031 detected, state 2
WRN 2026-09-05T05:41:05.726 ui.2251    tui_handle_term_mode:239: TUI: terminal mode 2048 detected, state 2
WRN 2026-09-05T06:03:27.516 ui.8685    tui_handle_term_mode:226: TUI: terminal mode 69 unavailable, state 0
WRN 2026-09-05T06:03:27.516 ui.8685    tui_handle_term_mode:239: TUI: terminal mode 2026 detected, state 2
WRN 2026-09-05T06:03:27.516 ui.8685    tui_handle_term_mode:226: TUI: terminal mode 2027 unavailable, state 0
WRN 2026-09-05T06:03:27.516 ui.8685    tui_handle_term_mode:239: TUI: terminal mode 2031 detected, state 2
WRN 2026-09-05T06:03:27.516 ui.8685    tui_handle_term_mode:239: TUI: terminal mode 2048 detected, state 2
WRN 2026-09-05T06:04:19.759 ui.8742    tui_handle_term_mode:226: TUI: terminal mode 69 unavailable, state 0
WRN 2026-09-05T06:04:19.759 ui.8742    tui_handle_term_mode:239: TUI: terminal mode 2026 detected, state 2
WRN 2026-09-05T06:04:19.759 ui.8742    tui_handle_term_mode:226: TUI: terminal mode 2027 unavailable, state 0
WRN 2026-09-05T06:04:19.759 ui.8742    tui_handle_term_mode:239: TUI: terminal mode 2031 detected, state 2
WRN 2026-09-05T06:04:19.759 ui.8742    tui_handle_term_mode:239: TUI: terminal mode 2048 detected, state 2
WRN 2026-09-05T06:05:25.171 ui.9037    tui_handle_term_mode:226: TUI: terminal mode 69 unavailable, state 0
WRN 2026-09-05T06:05:25.171 ui.9037    tui_handle_term_mode:239: TUI: terminal mode 2026 detected, state 2
WRN 2026-09-05T06:05:25.171 ui.9037    tui_handle_term_mode:226: TUI: terminal mode 2027 unavailable, state 0
WRN 2026-09-05T06:05:25.171 ui.9037    tui_handle_term_mode:239: TUI: terminal mode 2031 detected, state 2
WRN 2026-09-05T06:05:25.171 ui.9037    tui_handle_term_mode:239: TUI: terminal mode 2048 detected, state 2
WRN 2026-09-05T06:12:30.249 ui.9284    tui_handle_term_mode:226: TUI: terminal mode 69 unavailable, state 0
WRN 2026-09-05T06:12:30.249 ui.9284    tui_handle_term_mode:239: TUI: terminal mode 2026 detected, state 2
WRN 2026-09-05T06:12:30.249 ui.9284    tui_handle_term_mode:226: TUI: terminal mode 2027 unavailable, state 0
WRN 2026-09-05T06:12:30.249 ui.9284    tui_handle_term_mode:239: TUI: terminal mode 2031 detected, state 2
WRN 2026-09-05T06:12:30.249 ui.9284    tui_handle_term_mode:239: TUI: terminal mode 2048 detected, state 2
WRN 2026-09-05T06:14:42.397 ui.9707    tui_handle_term_mode:226: TUI: terminal mode 69 unavailable, state 0
WRN 2026-09-05T06:14:42.397 ui.9707    tui_handle_term_mode:239: TUI: terminal mode 2026 detected, state 2
WRN 2026-09-05T06:14:42.397 ui.9707    tui_handle_term_mode:226: TUI: terminal mode 2027 unavailable, state 0
WRN 2026-09-05T06:14:42.397 ui.9707    tui_handle_term_mode:239: TUI: terminal mode 2031 detected, state 2
WRN 2026-09-05T06:14:42.397 ui.9707    tui_handle_term_mode:239: TUI: terminal mode 2048 detected, state 2
WRN 2026-09-05T06:21:41.791 ui.10871   tui_handle_term_mode:226: TUI: terminal mode 69 unavailable, state 0
WRN 2026-09-05T06:21:41.791 ui.10871   tui_handle_term_mode:239: TUI: terminal mode 2026 detected, state 2
WRN 2026-09-05T06:21:41.791 ui.10871   tui_handle_term_mode:226: TUI: terminal mode 2027 unavailable, state 0
WRN 2026-09-05T06:21:41.791 ui.10871   tui_handle_term_mode:239: TUI: terminal mode 2031 detected, state 2
WRN 2026-09-05T06:21:41.791 ui.10871   tui_handle_term_mode:239: TUI: terminal mode 2048 detected, state 2
WRN 2026-09-05T06:26:08.954 ui.11313   tui_handle_term_mode:226: TUI: terminal mode 69 unavailable, state 0
WRN 2026-09-05T06:26:08.954 ui.11313   tui_handle_term_mode:239: TUI: terminal mode 2026 detected, state 2
WRN 2026-09-05T06:26:08.954 ui.11313   tui_handle_term_mode:226: TUI: terminal mode 2027 unavailable, state 0
WRN 2026-09-05T06:26:08.954 ui.11313   tui_handle_term_mode:239: TUI: terminal mode 2031 detected, state 2
WRN 2026-09-05T06:26:08.954 ui.11313   tui_handle_term_mode:239: TUI: terminal mode 2048 detected, state 2
WRN 2026-09-05T06:27:11.421 ui.12171   tui_handle_term_mode:226: TUI: terminal mode 69 unavailable, state 0
WRN 2026-09-05T06:27:11.421 ui.12171   tui_handle_term_mode:239: TUI: terminal mode 2026 detected, state 2
WRN 2026-09-05T06:27:11.421 ui.12171   tui_handle_term_mode:226: TUI: terminal mode 2027 unavailable, state 0
WRN 2026-09-05T06:27:11.421 ui.12171   tui_handle_term_mode:239: TUI: terminal mode 2031 detected, state 2
WRN 2026-09-05T06:27:11.421 ui.12171   tui_handle_term_mode:239: TUI: terminal mode 2048 detected, state 2
WRN 2026-09-05T06:37:52.799 ui.13614   tui_handle_term_mode:226: TUI: terminal mode 69 unavailable, state 0
WRN 2026-09-05T06:37:52.799 ui.13614   tui_handle_term_mode:239: TUI: terminal mode 2026 detected, state 2
WRN 2026-09-05T06:37:52.799 ui.13614   tui_handle_term_mode:226: TUI: terminal mode 2027 unavailable, state 0
WRN 2026-09-05T06:37:52.799 ui.13614   tui_handle_term_mode:239: TUI: terminal mode 2031 detected, state 2
WRN 2026-09-05T06:37:52.799 ui.13614   tui_handle_term_mode:239: TUI: terminal mode 2048 detected, state 2
WRN 2026-09-05T06:40:44.892 ui.13856   tui_handle_term_mode:226: TUI: terminal mode 69 unavailable, state 0
WRN 2026-09-05T06:40:44.892 ui.13856   tui_handle_term_mode:239: TUI: terminal mode 2026 detected, state 2
WRN 2026-09-05T06:40:44.892 ui.13856   tui_handle_term_mode:226: TUI: terminal mode 2027 unavailable, state 0
WRN 2026-09-05T06:40:44.892 ui.13856   tui_handle_term_mode:239: TUI: terminal mode 2031 detected, state 2
WRN 2026-09-05T06:40:44.892 ui.13856   tui_handle_term_mode:239: TUI: terminal mode 2048 detected, state 2
WRN 2026-09-05T06:48:41.611 ui.14355   tui_handle_term_mode:226: TUI: terminal mode 69 unavailable, state 0
WRN 2026-09-05T06:48:41.611 ui.14355   tui_handle_term_mode:239: TUI: terminal mode 2026 detected, state 2
WRN 2026-09-05T06:48:41.611 ui.14355   tui_handle_term_mode:226: TUI: terminal mode 2027 unavailable, state 0
WRN 2026-09-05T06:48:41.611 ui.14355   tui_handle_term_mode:239: TUI: terminal mode 2031 detected, state 2
WRN 2026-09-05T06:48:41.611 ui.14355   tui_handle_term_mode:239: TUI: terminal mode 2048 detected, state 2
WRN 2026-09-05T06:53:36.605 ui.14687   tui_handle_term_mode:226: TUI: terminal mode 69 unavailable, state 0
WRN 2026-09-05T06:53:36.605 ui.14687   tui_handle_term_mode:239: TUI: terminal mode 2026 detected, state 2
WRN 2026-09-05T06:53:36.605 ui.14687   tui_handle_term_mode:226: TUI: terminal mode 2027 unavailable, state 0
WRN 2026-09-05T06:53:36.605 ui.14687   tui_handle_term_mode:239: TUI: terminal mode 2031 detected, state 2
WRN 2026-09-05T06:53:36.605 ui.14687   tui_handle_term_mode:239: TUI: terminal mode 2048 detected, state 2
WRN 2026-09-05T06:54:23.919 ui.15091   tui_handle_term_mode:226: TUI: terminal mode 69 unavailable, state 0
WRN 2026-09-05T06:54:23.919 ui.15091   tui_handle_term_mode:239: TUI: terminal mode 2026 detected, state 2
WRN 2026-09-05T06:54:23.919 ui.15091   tui_handle_term_mode:226: TUI: terminal mode 2027 unavailable, state 0
WRN 2026-09-05T06:54:23.919 ui.15091   tui_handle_term_mode:239: TUI: terminal mode 2031 detected, state 2
WRN 2026-09-05T06:54:23.919 ui.15091   tui_handle_term_mode:239: TUI: terminal mode 2048 detected, state 2
WRN 2026-09-05T07:04:39.744 ui.16859   tui_handle_term_mode:226: TUI: terminal mode 69 unavailable, state 0
WRN 2026-09-05T07:04:39.744 ui.16859   tui_handle_term_mode:239: TUI: terminal mode 2026 detected, state 2
WRN 2026-09-05T07:04:39.744 ui.16859   tui_handle_term_mode:226: TUI: terminal mode 2027 unavailable, state 0
WRN 2026-09-05T07:04:39.744 ui.16859   tui_handle_term_mode:239: TUI: terminal mode 2031 detected, state 2
WRN 2026-09-05T07:04:39.744 ui.16859   tui_handle_term_mode:239: TUI: terminal mode 2048 detected, state 2
WRN 2026-09-05T07:13:49.636 ui.20715   tui_handle_term_mode:226: TUI: terminal mode 69 unavailable, state 0
WRN 2026-09-05T07:13:49.636 ui.20715   tui_handle_term_mode:239: TUI: terminal mode 2026 detected, state 2
WRN 2026-09-05T07:13:49.636 ui.20715   tui_handle_term_mode:226: TUI: terminal mode 2027 unavailable, state 0
WRN 2026-09-05T07:13:49.636 ui.20715   tui_handle_term_mode:239: TUI: terminal mode 2031 detected, state 2
WRN 2026-09-05T07:13:49.636 ui.20715   tui_handle_term_mode:239: TUI: terminal mode 2048 detected, state 2
WRN 2026-09-05T07:20:32.360 ui.22714   tui_handle_term_mode:226: TUI: terminal mode 69 unavailable, state 0
WRN 2026-09-05T07:20:32.360 ui.22714   tui_handle_term_mode:239: TUI: terminal mode 2026 detected, state 2
WRN 2026-09-05T07:20:32.360 ui.22714   tui_handle_term_mode:226: TUI: terminal mode 2027 unavailable, state 0
WRN 2026-09-05T07:20:32.360 ui.22714   tui_handle_term_mode:239: TUI: terminal mode 2031 detected, state 2
WRN 2026-09-05T07:20:32.360 ui.22714   tui_handle_term_mode:239: TUI: terminal mode 2048 detected, state 2
WRN 2026-09-05T07:20:40.180 ui.22733   tui_handle_term_mode:226: TUI: terminal mode 69 unavailable, state 0
WRN 2026-09-05T07:20:40.180 ui.22733   tui_handle_term_mode:239: TUI: terminal mode 2026 detected, state 2
WRN 2026-09-05T07:20:40.180 ui.22733   tui_handle_term_mode:226: TUI: terminal mode 2027 unavailable, state 0
WRN 2026-09-05T07:20:40.180 ui.22733   tui_handle_term_mode:239: TUI: terminal mode 2031 detected, state 2
WRN 2026-09-05T07:20:40.180 ui.22733   tui_handle_term_mode:239: TUI: terminal mode 2048 detected, state 2
WRN 2026-09-05T07:24:14.956 ui.23175   tui_handle_term_mode:226: TUI: terminal mode 69 unavailable, state 0
WRN 2026-09-05T07:24:14.956 ui.23175   tui_handle_term_mode:239: TUI: terminal mode 2026 detected, state 2
WRN 2026-09-05T07:24:14.956 ui.23175   tui_handle_term_mode:226: TUI: terminal mode 2027 unavailable, state 0
WRN 2026-09-05T07:24:14.956 ui.23175   tui_handle_term_mode:239: TUI: terminal mode 2031 detected, state 2
WRN 2026-09-05T07:24:14.956 ui.23175   tui_handle_term_mode:239: TUI: terminal mode 2048 detected, state 2
WRN 2026-09-05T07:24:30.769 ui.23183   tui_handle_term_mode:226: TUI: terminal mode 69 unavailable, state 0
WRN 2026-09-05T07:24:30.769 ui.23183   tui_handle_term_mode:239: TUI: terminal mode 2026 detected, state 2
WRN 2026-09-05T07:24:30.769 ui.23183   tui_handle_term_mode:226: TUI: terminal mode 2027 unavailable, state 0
WRN 2026-09-05T07:24:30.769 ui.23183   tui_handle_term_mode:239: TUI: terminal mode 2031 detected, state 2
WRN 2026-09-05T07:24:30.769 ui.23183   tui_handle_term_mode:239: TUI: terminal mode 2048 detected, state 2
WRN 2026-09-05T07:39:03.694 ui.24922   tui_handle_term_mode:226: TUI: terminal mode 69 unavailable, state 0
WRN 2026-09-05T07:39:03.694 ui.24922   tui_handle_term_mode:239: TUI: terminal mode 2026 detected, state 2
WRN 2026-09-05T07:39:03.694 ui.24922   tui_handle_term_mode:226: TUI: terminal mode 2027 unavailable, state 0
WRN 2026-09-05T07:39:03.694 ui.24922   tui_handle_term_mode:239: TUI: terminal mode 2031 detected, state 2
WRN 2026-09-05T07:39:03.694 ui.24922   tui_handle_term_mode:239: TUI: terminal mode 2048 detected, state 2
WRN 2026-09-05T07:40:04.272 ui.25203   tui_handle_term_mode:226: TUI: terminal mode 69 unavailable, state 0
WRN 2026-09-05T07:40:04.272 ui.25203   tui_handle_term_mode:239: TUI: terminal mode 2026 detected, state 2
WRN 2026-09-05T07:40:04.272 ui.25203   tui_handle_term_mode:226: TUI: terminal mode 2027 unavailable, state 0
WRN 2026-09-05T07:40:04.272 ui.25203   tui_handle_term_mode:239: TUI: terminal mode 2031 detected, state 2
WRN 2026-09-05T07:40:04.272 ui.25203   tui_handle_term_mode:239: TUI: terminal mode 2048 detected, state 2
WRN 2026-09-05T07:40:37.884 ui.25218   tui_handle_term_mode:226: TUI: terminal mode 69 unavailable, state 0
WRN 2026-09-05T07:40:37.884 ui.25218   tui_handle_term_mode:239: TUI: terminal mode 2026 detected, state 2
WRN 2026-09-05T07:40:37.884 ui.25218   tui_handle_term_mode:226: TUI: terminal mode 2027 unavailable, state 0
WRN 2026-09-05T07:40:37.884 ui.25218   tui_handle_term_mode:239: TUI: terminal mode 2031 detected, state 2
WRN 2026-09-05T07:40:37.884 ui.25218   tui_handle_term_mode:239: TUI: terminal mode 2048 detected, state 2
WRN 2026-09-05T07:40:56.583 ui.25275   tui_handle_term_mode:226: TUI: terminal mode 69 unavailable, state 0
WRN 2026-09-05T07:40:56.583 ui.25275   tui_handle_term_mode:239: TUI: terminal mode 2026 detected, state 2
WRN 2026-09-05T07:40:56.583 ui.25275   tui_handle_term_mode:226: TUI: terminal mode 2027 unavailable, state 0
WRN 2026-09-05T07:40:56.583 ui.25275   tui_handle_term_mode:239: TUI: terminal mode 2031 detected, state 2
WRN 2026-09-05T07:40:56.583 ui.25275   tui_handle_term_mode:239: TUI: terminal mode 2048 detected, state 2
WRN 2026-09-05T07:41:04.844 ui.25282   tui_handle_term_mode:226: TUI: terminal mode 69 unavailable, state 0
WRN 2026-09-05T07:41:04.844 ui.25282   tui_handle_term_mode:239: TUI: terminal mode 2026 detected, state 2
WRN 2026-09-05T07:41:04.844 ui.25282   tui_handle_term_mode:226: TUI: terminal mode 2027 unavailable, state 0
WRN 2026-09-05T07:41:04.844 ui.25282   tui_handle_term_mode:239: TUI: terminal mode 2031 detected, state 2
WRN 2026-09-05T07:41:04.844 ui.25282   tui_handle_term_mode:239: TUI: terminal mode 2048 detected, state 2
WRN 2026-09-05T07:41:30.126 ui.25411   tui_handle_term_mode:226: TUI: terminal mode 69 unavailable, state 0
WRN 2026-09-05T07:41:30.126 ui.25411   tui_handle_term_mode:239: TUI: terminal mode 2026 detected, state 2
WRN 2026-09-05T07:41:30.126 ui.25411   tui_handle_term_mode:226: TUI: terminal mode 2027 unavailable, state 0
WRN 2026-09-05T07:41:30.126 ui.25411   tui_handle_term_mode:239: TUI: terminal mode 2031 detected, state 2
WRN 2026-09-05T07:41:30.126 ui.25411   tui_handle_term_mode:239: TUI: terminal mode 2048 detected, state 2
WRN 2026-09-05T07:41:46.757 ui.25600   tui_handle_term_mode:226: TUI: terminal mode 69 unavailable, state 0
WRN 2026-09-05T07:41:46.757 ui.25600   tui_handle_term_mode:239: TUI: terminal mode 2026 detected, state 2
WRN 2026-09-05T07:41:46.757 ui.25600   tui_handle_term_mode:226: TUI: terminal mode 2027 unavailable, state 0
WRN 2026-09-05T07:41:46.757 ui.25600   tui_handle_term_mode:239: TUI: terminal mode 2031 detected, state 2
WRN 2026-09-05T07:41:46.757 ui.25600   tui_handle_term_mode:239: TUI: terminal mode 2048 detected, state 2
WRN 2026-09-05T07:42:48.309 ui.26108   tui_handle_term_mode:226: TUI: terminal mode 69 unavailable, state 0
WRN 2026-09-05T07:42:48.309 ui.26108   tui_handle_term_mode:239: TUI: terminal mode 2026 detected, state 2
WRN 2026-09-05T07:42:48.309 ui.26108   tui_handle_term_mode:226: TUI: terminal mode 2027 unavailable, state 0
WRN 2026-09-05T07:42:48.309 ui.26108   tui_handle_term_mode:239: TUI: terminal mode 2031 detected, state 2
WRN 2026-09-05T07:42:48.309 ui.26108   tui_handle_term_mode:239: TUI: terminal mode 2048 detected, state 2
WRN 2026-09-05T07:42:56.648 ui.26124   tui_handle_term_mode:226: TUI: terminal mode 69 unavailable, state 0
WRN 2026-09-05T07:42:56.648 ui.26124   tui_handle_term_mode:239: TUI: terminal mode 2026 detected, state 2
WRN 2026-09-05T07:42:56.648 ui.26124   tui_handle_term_mode:226: TUI: terminal mode 2027 unavailable, state 0
WRN 2026-09-05T07:42:56.648 ui.26124   tui_handle_term_mode:239: TUI: terminal mode 2031 detected, state 2
WRN 2026-09-05T07:42:56.648 ui.26124   tui_handle_term_mode:239: TUI: terminal mode 2048 detected, state 2
WRN 2026-09-05T08:26:47.466 ui.29351   tui_handle_term_mode:226: TUI: terminal mode 69 unavailable, state 0
WRN 2026-09-05T08:26:47.466 ui.29351   tui_handle_term_mode:239: TUI: terminal mode 2026 detected, state 2
WRN 2026-09-05T08:26:47.466 ui.29351   tui_handle_term_mode:226: TUI: terminal mode 2027 unavailable, state 0
WRN 2026-09-05T08:26:47.466 ui.29351   tui_handle_term_mode:239: TUI: terminal mode 2031 detected, state 2
WRN 2026-09-05T08:26:47.466 ui.29351   tui_handle_term_mode:239: TUI: terminal mode 2048 detected, state 2
WRN 2026-09-05T08:33:02.861 ui.30920   tui_handle_term_mode:226: TUI: terminal mode 69 unavailable, state 0
WRN 2026-09-05T08:33:02.861 ui.30920   tui_handle_term_mode:239: TUI: terminal mode 2026 detected, state 2
WRN 2026-09-05T08:33:02.861 ui.30920   tui_handle_term_mode:226: TUI: terminal mode 2027 unavailable, state 0
WRN 2026-09-05T08:33:02.861 ui.30920   tui_handle_term_mode:239: TUI: terminal mode 2031 detected, state 2
WRN 2026-09-05T08:33:02.861 ui.30920   tui_handle_term_mode:239: TUI: terminal mode 2048 detected, state 2
WRN 2026-09-05T08:51:28.313 ui.36316   tui_handle_term_mode:226: TUI: terminal mode 69 unavailable, state 0
WRN 2026-09-05T08:51:28.313 ui.36316   tui_handle_term_mode:239: TUI: terminal mode 2026 detected, state 2
WRN 2026-09-05T08:51:28.313 ui.36316   tui_handle_term_mode:226: TUI: terminal mode 2027 unavailable, state 0
WRN 2026-09-05T08:51:28.313 ui.36316   tui_handle_term_mode:239: TUI: terminal mode 2031 detected, state 2
WRN 2026-09-05T08:51:28.313 ui.36316   tui_handle_term_mode:239: TUI: terminal mode 2048 detected, state 2
WRN 2026-09-05T09:09:51.199 ui.39709   tui_handle_term_mode:226: TUI: terminal mode 69 unavailable, state 0
WRN 2026-09-05T09:09:51.199 ui.39709   tui_handle_term_mode:239: TUI: terminal mode 2026 detected, state 2
WRN 2026-09-05T09:09:51.199 ui.39709   tui_handle_term_mode:226: TUI: terminal mode 2027 unavailable, state 0
WRN 2026-09-05T09:09:51.199 ui.39709   tui_handle_term_mode:239: TUI: terminal mode 2031 detected, state 2
WRN 2026-09-05T09:09:51.199 ui.39709   tui_handle_term_mode:239: TUI: terminal mode 2048 detected, state 2
WRN 2026-09-05T09:10:17.026 ui.39761   tui_handle_term_mode:226: TUI: terminal mode 69 unavailable, state 0
WRN 2026-09-05T09:10:17.026 ui.39761   tui_handle_term_mode:239: TUI: terminal mode 2026 detected, state 2
WRN 2026-09-05T09:10:17.026 ui.39761   tui_handle_term_mode:226: TUI: terminal mode 2027 unavailable, state 0
WRN 2026-09-05T09:10:17.026 ui.39761   tui_handle_term_mode:239: TUI: terminal mode 2031 detected, state 2
WRN 2026-09-05T09:10:17.026 ui.39761   tui_handle_term_mode:239: TUI: terminal mode 2048 detected, state 2
WRN 2026-09-05T09:10:30.407 ui.39776   tui_handle_term_mode:226: TUI: terminal mode 69 unavailable, state 0
WRN 2026-09-05T09:10:30.407 ui.39776   tui_handle_term_mode:239: TUI: terminal mode 2026 detected, state 2
WRN 2026-09-05T09:10:30.407 ui.39776   tui_handle_term_mode:226: TUI: terminal mode 2027 unavailable, state 0
WRN 2026-09-05T09:10:30.407 ui.39776   tui_handle_term_mode:239: TUI: terminal mode 2031 detected, state 2
WRN 2026-09-05T09:10:30.407 ui.39776   tui_handle_term_mode:239: TUI: terminal mode 2048 detected, state 2
WRN 2026-09-05T09:20:21.627 ui.47962   tui_handle_term_mode:226: TUI: terminal mode 69 unavailable, state 0
WRN 2026-09-05T09:20:21.627 ui.47962   tui_handle_term_mode:239: TUI: terminal mode 2026 detected, state 2
WRN 2026-09-05T09:20:21.627 ui.47962   tui_handle_term_mode:226: TUI: terminal mode 2027 unavailable, state 0
WRN 2026-09-05T09:20:21.627 ui.47962   tui_handle_term_mode:239: TUI: terminal mode 2031 detected, state 2
WRN 2026-09-05T09:20:21.627 ui.47962   tui_handle_term_mode:239: TUI: terminal mode 2048 detected, state 2
WRN 2026-09-05T09:28:16.912 ui.61859   tui_handle_term_mode:226: TUI: terminal mode 69 unavailable, state 0
WRN 2026-09-05T09:28:16.912 ui.61859   tui_handle_term_mode:239: TUI: terminal mode 2026 detected, state 2
WRN 2026-09-05T09:28:16.912 ui.61859   tui_handle_term_mode:226: TUI: terminal mode 2027 unavailable, state 0
WRN 2026-09-05T09:28:16.912 ui.61859   tui_handle_term_mode:239: TUI: terminal mode 2031 detected, state 2
WRN 2026-09-05T09:28:16.912 ui.61859   tui_handle_term_mode:239: TUI: terminal mode 2048 detected, state 2
WRN 2026-09-05T09:40:03.958 ui.4326    tui_handle_term_mode:226: TUI: terminal mode 69 unavailable, state 0
WRN 2026-09-05T09:40:03.960 ui.4326    tui_handle_term_mode:239: TUI: terminal mode 2026 detected, state 2
WRN 2026-09-05T09:40:03.960 ui.4326    tui_handle_term_mode:226: TUI: terminal mode 2027 unavailable, state 0
WRN 2026-09-05T09:40:03.960 ui.4326    tui_handle_term_mode:239: TUI: terminal mode 2031 detected, state 2
WRN 2026-09-05T09:40:03.960 ui.4326    tui_handle_term_mode:239: TUI: terminal mode 2048 detected, state 2
WRN 2026-09-05T09:41:38.005 ui.5373    tui_handle_term_mode:226: TUI: terminal mode 69 unavailable, state 0
WRN 2026-09-05T09:41:38.005 ui.5373    tui_handle_term_mode:239: TUI: terminal mode 2026 detected, state 2
WRN 2026-09-05T09:41:38.005 ui.5373    tui_handle_term_mode:226: TUI: terminal mode 2027 unavailable, state 0
WRN 2026-09-05T09:41:38.005 ui.5373    tui_handle_term_mode:239: TUI: terminal mode 2031 detected, state 2
WRN 2026-09-05T09:41:38.005 ui.5373    tui_handle_term_mode:239: TUI: terminal mode 2048 detected, state 2
WRN 2026-09-05T09:42:18.850 ui.5733    tui_handle_term_mode:226: TUI: terminal mode 69 unavailable, state 0
WRN 2026-09-05T09:42:18.850 ui.5733    tui_handle_term_mode:239: TUI: terminal mode 2026 detected, state 2
WRN 2026-09-05T09:42:18.850 ui.5733    tui_handle_term_mode:226: TUI: terminal mode 2027 unavailable, state 0
WRN 2026-09-05T09:42:18.850 ui.5733    tui_handle_term_mode:239: TUI: terminal mode 2031 detected, state 2
WRN 2026-09-05T09:42:18.850 ui.5733    tui_handle_term_mode:239: TUI: terminal mode 2048 detected, state 2
WRN 2026-09-05T09:42:56.045 ui.5785    tui_handle_term_mode:226: TUI: terminal mode 69 unavailable, state 0
WRN 2026-09-05T09:42:56.045 ui.5785    tui_handle_term_mode:239: TUI: terminal mode 2026 detected, state 2
WRN 2026-09-05T09:42:56.045 ui.5785    tui_handle_term_mode:226: TUI: terminal mode 2027 unavailable, state 0
WRN 2026-09-05T09:42:56.045 ui.5785    tui_handle_term_mode:239: TUI: terminal mode 2031 detected, state 2
WRN 2026-09-05T09:42:56.045 ui.5785    tui_handle_term_mode:239: TUI: terminal mode 2048 detected, state 2
WRN 2026-09-05T09:43:06.553 ui.5797    tui_handle_term_mode:226: TUI: terminal mode 69 unavailable, state 0
WRN 2026-09-05T09:43:06.553 ui.5797    tui_handle_term_mode:239: TUI: terminal mode 2026 detected, state 2
WRN 2026-09-05T09:43:06.553 ui.5797    tui_handle_term_mode:226: TUI: terminal mode 2027 unavailable, state 0
WRN 2026-09-05T09:43:06.553 ui.5797    tui_handle_term_mode:239: TUI: terminal mode 2031 detected, state 2
WRN 2026-09-05T09:43:06.553 ui.5797    tui_handle_term_mode:239: TUI: terminal mode 2048 detected, state 2
WRN 2026-09-05T09:43:35.146 ui.5840    tui_handle_term_mode:226: TUI: terminal mode 69 unavailable, state 0
WRN 2026-09-05T09:43:35.146 ui.5840    tui_handle_term_mode:239: TUI: terminal mode 2026 detected, state 2
WRN 2026-09-05T09:43:35.146 ui.5840    tui_handle_term_mode:226: TUI: terminal mode 2027 unavailable, state 0
WRN 2026-09-05T09:43:35.146 ui.5840    tui_handle_term_mode:239: TUI: terminal mode 2031 detected, state 2
WRN 2026-09-05T09:43:35.146 ui.5840    tui_handle_term_mode:239: TUI: terminal mode 2048 detected, state 2
WRN 2026-09-05T09:44:00.083 ui.5989    tui_handle_term_mode:226: TUI: terminal mode 69 unavailable, state 0
WRN 2026-09-05T09:44:00.083 ui.5989    tui_handle_term_mode:239: TUI: terminal mode 2026 detected, state 2
WRN 2026-09-05T09:44:00.083 ui.5989    tui_handle_term_mode:226: TUI: terminal mode 2027 unavailable, state 0
WRN 2026-09-05T09:44:00.083 ui.5989    tui_handle_term_mode:239: TUI: terminal mode 2031 detected, state 2
WRN 2026-09-05T09:44:00.083 ui.5989    tui_handle_term_mode:239: TUI: terminal mode 2048 detected, state 2
WRN 2026-09-05T09:44:28.708 ui.6060    tui_handle_term_mode:226: TUI: terminal mode 69 unavailable, state 0
WRN 2026-09-05T09:44:28.708 ui.6060    tui_handle_term_mode:239: TUI: terminal mode 2026 detected, state 2
WRN 2026-09-05T09:44:28.708 ui.6060    tui_handle_term_mode:226: TUI: terminal mode 2027 unavailable, state 0
WRN 2026-09-05T09:44:28.708 ui.6060    tui_handle_term_mode:239: TUI: terminal mode 2031 detected, state 2
WRN 2026-09-05T09:44:28.708 ui.6060    tui_handle_term_mode:239: TUI: terminal mode 2048 detected, state 2
WRN 2026-09-05T09:44:53.712 ui.6084    tui_handle_term_mode:226: TUI: terminal mode 69 unavailable, state 0
WRN 2026-09-05T09:44:53.712 ui.6084    tui_handle_term_mode:239: TUI: terminal mode 2026 detected, state 2
WRN 2026-09-05T09:44:53.712 ui.6084    tui_handle_term_mode:226: TUI: terminal mode 2027 unavailable, state 0
WRN 2026-09-05T09:44:53.712 ui.6084    tui_handle_term_mode:239: TUI: terminal mode 2031 detected, state 2
WRN 2026-09-05T09:44:53.712 ui.6084    tui_handle_term_mode:239: TUI: terminal mode 2048 detected, state 2
WRN 2026-09-05T09:45:05.488 ui.6098    tui_handle_term_mode:226: TUI: terminal mode 69 unavailable, state 0
WRN 2026-09-05T09:45:05.488 ui.6098    tui_handle_term_mode:239: TUI: terminal mode 2026 detected, state 2
WRN 2026-09-05T09:45:05.488 ui.6098    tui_handle_term_mode:226: TUI: terminal mode 2027 unavailable, state 0
WRN 2026-09-05T09:45:05.488 ui.6098    tui_handle_term_mode:239: TUI: terminal mode 2031 detected, state 2
WRN 2026-09-05T09:45:05.488 ui.6098    tui_handle_term_mode:239: TUI: terminal mode 2048 detected, state 2
WRN 2026-09-05T09:45:12.602 ui.6105    tui_handle_term_mode:226: TUI: terminal mode 69 unavailable, state 0
WRN 2026-09-05T09:45:12.602 ui.6105    tui_handle_term_mode:239: TUI: terminal mode 2026 detected, state 2
WRN 2026-09-05T09:45:12.602 ui.6105    tui_handle_term_mode:226: TUI: terminal mode 2027 unavailable, state 0
WRN 2026-09-05T09:45:12.602 ui.6105    tui_handle_term_mode:239: TUI: terminal mode 2031 detected, state 2
WRN 2026-09-05T09:45:12.602 ui.6105    tui_handle_term_mode:239: TUI: terminal mode 2048 detected, state 2
WRN 2026-09-05T09:46:02.764 ui.6189    tui_handle_term_mode:226: TUI: terminal mode 69 unavailable, state 0
WRN 2026-09-05T09:46:02.764 ui.6189    tui_handle_term_mode:239: TUI: terminal mode 2026 detected, state 2
WRN 2026-09-05T09:46:02.764 ui.6189    tui_handle_term_mode:226: TUI: terminal mode 2027 unavailable, state 0
WRN 2026-09-05T09:46:02.764 ui.6189    tui_handle_term_mode:239: TUI: terminal mode 2031 detected, state 2
WRN 2026-09-05T09:46:02.764 ui.6189    tui_handle_term_mode:239: TUI: terminal mode 2048 detected, state 2
WRN 2026-09-05T09:46:18.361 ui.6206    tui_handle_term_mode:226: TUI: terminal mode 69 unavailable, state 0
WRN 2026-09-05T09:46:18.361 ui.6206    tui_handle_term_mode:239: TUI: terminal mode 2026 detected, state 2
WRN 2026-09-05T09:46:18.361 ui.6206    tui_handle_term_mode:226: TUI: terminal mode 2027 unavailable, state 0
WRN 2026-09-05T09:46:18.361 ui.6206    tui_handle_term_mode:239: TUI: terminal mode 2031 detected, state 2
WRN 2026-09-05T09:46:18.361 ui.6206    tui_handle_term_mode:239: TUI: terminal mode 2048 detected, state 2
WRN 2026-09-05T09:46:47.037 ui.6256    tui_handle_term_mode:226: TUI: terminal mode 69 unavailable, state 0
WRN 2026-09-05T09:46:47.037 ui.6256    tui_handle_term_mode:239: TUI: terminal mode 2026 detected, state 2
WRN 2026-09-05T09:46:47.037 ui.6256    tui_handle_term_mode:226: TUI: terminal mode 2027 unavailable, state 0
WRN 2026-09-05T09:46:47.037 ui.6256    tui_handle_term_mode:239: TUI: terminal mode 2031 detected, state 2
WRN 2026-09-05T09:46:47.037 ui.6256    tui_handle_term_mode:239: TUI: terminal mode 2048 detected, state 2
WRN 2026-09-05T09:48:47.318 ui.6860    tui_handle_term_mode:226: TUI: terminal mode 69 unavailable, state 0
WRN 2026-09-05T09:48:47.318 ui.6860    tui_handle_term_mode:239: TUI: terminal mode 2026 detected, state 2
WRN 2026-09-05T09:48:47.318 ui.6860    tui_handle_term_mode:226: TUI: terminal mode 2027 unavailable, state 0
WRN 2026-09-05T09:48:47.318 ui.6860    tui_handle_term_mode:239: TUI: terminal mode 2031 detected, state 2
WRN 2026-09-05T09:48:47.318 ui.6860    tui_handle_term_mode:239: TUI: terminal mode 2048 detected, state 2
WRN 2026-09-05T09:57:49.776 ui.12248   tui_handle_term_mode:226: TUI: terminal mode 69 unavailable, state 0
WRN 2026-09-05T09:57:49.776 ui.12248   tui_handle_term_mode:239: TUI: terminal mode 2026 detected, state 2
WRN 2026-09-05T09:57:49.776 ui.12248   tui_handle_term_mode:226: TUI: terminal mode 2027 unavailable, state 0
WRN 2026-09-05T09:57:49.776 ui.12248   tui_handle_term_mode:239: TUI: terminal mode 2031 detected, state 2
WRN 2026-09-05T09:57:49.776 ui.12248   tui_handle_term_mode:239: TUI: terminal mode 2048 detected, state 2
WRN 2026-09-05T10:57:45.589 ui.17662   tui_handle_term_mode:226: TUI: terminal mode 69 unavailable, state 0
WRN 2026-09-05T10:57:45.589 ui.17662   tui_handle_term_mode:239: TUI: terminal mode 2026 detected, state 2
WRN 2026-09-05T10:57:45.589 ui.17662   tui_handle_term_mode:226: TUI: terminal mode 2027 unavailable, state 0
WRN 2026-09-05T10:57:45.589 ui.17662   tui_handle_term_mode:239: TUI: terminal mode 2031 detected, state 2
WRN 2026-09-05T10:57:45.589 ui.17662   tui_handle_term_mode:239: TUI: terminal mode 2048 detected, state 2
WRN 2026-09-05T10:57:58.493 ui.17704   tui_handle_term_mode:226: TUI: terminal mode 69 unavailable, state 0
WRN 2026-09-05T10:57:58.493 ui.17704   tui_handle_term_mode:239: TUI: terminal mode 2026 detected, state 2
WRN 2026-09-05T10:57:58.493 ui.17704   tui_handle_term_mode:226: TUI: terminal mode 2027 unavailable, state 0
WRN 2026-09-05T10:57:58.493 ui.17704   tui_handle_term_mode:239: TUI: terminal mode 2031 detected, state 2
WRN 2026-09-05T10:57:58.493 ui.17704   tui_handle_term_mode:239: TUI: terminal mode 2048 detected, state 2
WRN 2026-09-05T10:58:27.120 ui.17848   tui_handle_term_mode:226: TUI: terminal mode 69 unavailable, state 0
WRN 2026-09-05T10:58:27.120 ui.17848   tui_handle_term_mode:239: TUI: terminal mode 2026 detected, state 2
WRN 2026-09-05T10:58:27.120 ui.17848   tui_handle_term_mode:226: TUI: terminal mode 2027 unavailable, state 0
WRN 2026-09-05T10:58:27.120 ui.17848   tui_handle_term_mode:239: TUI: terminal mode 2031 detected, state 2
WRN 2026-09-05T10:58:27.120 ui.17848   tui_handle_term_mode:239: TUI: terminal mode 2048 detected, state 2
WRN 2026-09-05T11:04:06.118 ui.18845   tui_handle_term_mode:226: TUI: terminal mode 69 unavailable, state 0
WRN 2026-09-05T11:04:06.118 ui.18845   tui_handle_term_mode:239: TUI: terminal mode 2026 detected, state 2
WRN 2026-09-05T11:04:06.118 ui.18845   tui_handle_term_mode:226: TUI: terminal mode 2027 unavailable, state 0
WRN 2026-09-05T11:04:06.118 ui.18845   tui_handle_term_mode:239: TUI: terminal mode 2031 detected, state 2
WRN 2026-09-05T11:04:06.118 ui.18845   tui_handle_term_mode:239: TUI: terminal mode 2048 detected, state 2
WRN 2026-09-05T11:04:42.864 ui.19042   tui_handle_term_mode:226: TUI: terminal mode 69 unavailable, state 0
WRN 2026-09-05T11:04:42.864 ui.19042   tui_handle_term_mode:239: TUI: terminal mode 2026 detected, state 2
WRN 2026-09-05T11:04:42.864 ui.19042   tui_handle_term_mode:226: TUI: terminal mode 2027 unavailable, state 0
WRN 2026-09-05T11:04:42.864 ui.19042   tui_handle_term_mode:239: TUI: terminal mode 2031 detected, state 2
WRN 2026-09-05T11:04:42.864 ui.19042   tui_handle_term_mode:239: TUI: terminal mode 2048 detected, state 2
WRN 2026-09-05T11:06:30.191 ui.19587   tui_handle_term_mode:226: TUI: terminal mode 69 unavailable, state 0
WRN 2026-09-05T11:06:30.191 ui.19587   tui_handle_term_mode:239: TUI: terminal mode 2026 detected, state 2
WRN 2026-09-05T11:06:30.191 ui.19587   tui_handle_term_mode:226: TUI: terminal mode 2027 unavailable, state 0
WRN 2026-09-05T11:06:30.191 ui.19587   tui_handle_term_mode:239: TUI: terminal mode 2031 detected, state 2
WRN 2026-09-05T11:06:30.191 ui.19587   tui_handle_term_mode:239: TUI: terminal mode 2048 detected, state 2
WRN 2026-09-05T11:06:35.699 ui.19606   tui_handle_term_mode:226: TUI: terminal mode 69 unavailable, state 0
WRN 2026-09-05T11:06:35.699 ui.19606   tui_handle_term_mode:239: TUI: terminal mode 2026 detected, state 2
WRN 2026-09-05T11:06:35.699 ui.19606   tui_handle_term_mode:226: TUI: terminal mode 2027 unavailable, state 0
WRN 2026-09-05T11:06:35.699 ui.19606   tui_handle_term_mode:239: TUI: terminal mode 2031 detected, state 2
WRN 2026-09-05T11:06:35.699 ui.19606   tui_handle_term_mode:239: TUI: terminal mode 2048 detected, state 2
WRN 2026-09-05T11:07:47.188 ui.19699   tui_handle_term_mode:226: TUI: terminal mode 69 unavailable, state 0
WRN 2026-09-05T11:07:47.188 ui.19699   tui_handle_term_mode:239: TUI: terminal mode 2026 detected, state 2
WRN 2026-09-05T11:07:47.188 ui.19699   tui_handle_term_mode:226: TUI: terminal mode 2027 unavailable, state 0
WRN 2026-09-05T11:07:47.188 ui.19699   tui_handle_term_mode:239: TUI: terminal mode 2031 detected, state 2
WRN 2026-09-05T11:07:47.188 ui.19699   tui_handle_term_mode:239: TUI: terminal mode 2048 detected, state 2
WRN 2026-09-05T11:08:52.044 ui.19895   tui_handle_term_mode:226: TUI: terminal mode 69 unavailable, state 0
WRN 2026-09-05T11:08:52.044 ui.19895   tui_handle_term_mode:239: TUI: terminal mode 2026 detected, state 2
WRN 2026-09-05T11:08:52.044 ui.19895   tui_handle_term_mode:226: TUI: terminal mode 2027 unavailable, state 0
WRN 2026-09-05T11:08:52.044 ui.19895   tui_handle_term_mode:239: TUI: terminal mode 2031 detected, state 2
WRN 2026-09-05T11:08:52.044 ui.19895   tui_handle_term_mode:239: TUI: terminal mode 2048 detected, state 2
WRN 2026-09-05T11:08:58.056 ui.19912   tui_handle_term_mode:226: TUI: terminal mode 69 unavailable, state 0
WRN 2026-09-05T11:08:58.056 ui.19912   tui_handle_term_mode:239: TUI: terminal mode 2026 detected, state 2
WRN 2026-09-05T11:08:58.056 ui.19912   tui_handle_term_mode:226: TUI: terminal mode 2027 unavailable, state 0
WRN 2026-09-05T11:08:58.056 ui.19912   tui_handle_term_mode:239: TUI: terminal mode 2031 detected, state 2
WRN 2026-09-05T11:08:58.056 ui.19912   tui_handle_term_mode:239: TUI: terminal mode 2048 detected, state 2
WRN 2026-09-05T11:09:26.495 ui.19982   tui_handle_term_mode:226: TUI: terminal mode 69 unavailable, state 0
WRN 2026-09-05T11:09:26.495 ui.19982   tui_handle_term_mode:239: TUI: terminal mode 2026 detected, state 2
WRN 2026-09-05T11:09:26.495 ui.19982   tui_handle_term_mode:226: TUI: terminal mode 2027 unavailable, state 0
WRN 2026-09-05T11:09:26.495 ui.19982   tui_handle_term_mode:239: TUI: terminal mode 2031 detected, state 2
WRN 2026-09-05T11:09:26.495 ui.19982   tui_handle_term_mode:239: TUI: terminal mode 2048 detected, state 2
WRN 2026-09-05T11:14:34.458 ui.20776   tui_handle_term_mode:226: TUI: terminal mode 69 unavailable, state 0
WRN 2026-09-05T11:14:34.458 ui.20776   tui_handle_term_mode:239: TUI: terminal mode 2026 detected, state 2
WRN 2026-09-05T11:14:34.458 ui.20776   tui_handle_term_mode:226: TUI: terminal mode 2027 unavailable, state 0
WRN 2026-09-05T11:14:34.458 ui.20776   tui_handle_term_mode:239: TUI: terminal mode 2031 detected, state 2
WRN 2026-09-05T11:14:34.458 ui.20776   tui_handle_term_mode:239: TUI: terminal mode 2048 detected, state 2
WRN 2026-09-05T11:19:15.897 ui.24449   tui_handle_term_mode:226: TUI: terminal mode 69 unavailable, state 0
WRN 2026-09-05T11:19:15.897 ui.24449   tui_handle_term_mode:239: TUI: terminal mode 2026 detected, state 2
WRN 2026-09-05T11:19:15.897 ui.24449   tui_handle_term_mode:226: TUI: terminal mode 2027 unavailable, state 0
WRN 2026-09-05T11:19:15.897 ui.24449   tui_handle_term_mode:239: TUI: terminal mode 2031 detected, state 2
WRN 2026-09-05T11:19:15.897 ui.24449   tui_handle_term_mode:239: TUI: terminal mode 2048 detected, state 2
WRN 2026-09-05T11:19:45.358 ui.24498   tui_handle_term_mode:226: TUI: terminal mode 69 unavailable, state 0
WRN 2026-09-05T11:19:45.358 ui.24498   tui_handle_term_mode:239: TUI: terminal mode 2026 detected, state 2
WRN 2026-09-05T11:19:45.358 ui.24498   tui_handle_term_mode:226: TUI: terminal mode 2027 unavailable, state 0
WRN 2026-09-05T11:19:45.358 ui.24498   tui_handle_term_mode:239: TUI: terminal mode 2031 detected, state 2
WRN 2026-09-05T11:19:45.358 ui.24498   tui_handle_term_mode:239: TUI: terminal mode 2048 detected, state 2
WRN 2026-09-05T11:26:24.829 ui.25995   tui_handle_term_mode:226: TUI: terminal mode 69 unavailable, state 0
WRN 2026-09-05T11:26:24.829 ui.25995   tui_handle_term_mode:239: TUI: terminal mode 2026 detected, state 2
WRN 2026-09-05T11:26:24.829 ui.25995   tui_handle_term_mode:226: TUI: terminal mode 2027 unavailable, state 0
WRN 2026-09-05T11:26:24.829 ui.25995   tui_handle_term_mode:239: TUI: terminal mode 2031 detected, state 2
WRN 2026-09-05T11:26:24.829 ui.25995   tui_handle_term_mode:239: TUI: terminal mode 2048 detected, state 2
WRN 2026-09-05T11:26:47.388 ui.26044   tui_handle_term_mode:226: TUI: terminal mode 69 unavailable, state 0
WRN 2026-09-05T11:26:47.388 ui.26044   tui_handle_term_mode:239: TUI: terminal mode 2026 detected, state 2
WRN 2026-09-05T11:26:47.388 ui.26044   tui_handle_term_mode:226: TUI: terminal mode 2027 unavailable, state 0
WRN 2026-09-05T11:26:47.388 ui.26044   tui_handle_term_mode:239: TUI: terminal mode 2031 detected, state 2
WRN 2026-09-05T11:26:47.388 ui.26044   tui_handle_term_mode:239: TUI: terminal mode 2048 detected, state 2
WRN 2026-09-05T11:27:23.390 ui.26099   tui_handle_term_mode:226: TUI: terminal mode 69 unavailable, state 0
WRN 2026-09-05T11:27:23.390 ui.26099   tui_handle_term_mode:239: TUI: terminal mode 2026 detected, state 2
WRN 2026-09-05T11:27:23.390 ui.26099   tui_handle_term_mode:226: TUI: terminal mode 2027 unavailable, state 0
WRN 2026-09-05T11:27:23.390 ui.26099   tui_handle_term_mode:239: TUI: terminal mode 2031 detected, state 2
WRN 2026-09-05T11:27:23.390 ui.26099   tui_handle_term_mode:239: TUI: terminal mode 2048 detected, state 2
WRN 2026-09-05T11:28:36.620 ui.26159   tui_handle_term_mode:226: TUI: terminal mode 69 unavailable, state 0
WRN 2026-09-05T11:28:36.620 ui.26159   tui_handle_term_mode:239: TUI: terminal mode 2026 detected, state 2
WRN 2026-09-05T11:28:36.620 ui.26159   tui_handle_term_mode:226: TUI: terminal mode 2027 unavailable, state 0
WRN 2026-09-05T11:28:36.620 ui.26159   tui_handle_term_mode:239: TUI: terminal mode 2031 detected, state 2
WRN 2026-09-05T11:28:36.620 ui.26159   tui_handle_term_mode:239: TUI: terminal mode 2048 detected, state 2
WRN 2026-09-05T11:34:38.039 ui.26660   tui_handle_term_mode:226: TUI: terminal mode 69 unavailable, state 0
WRN 2026-09-05T11:34:38.039 ui.26660   tui_handle_term_mode:239: TUI: terminal mode 2026 detected, state 2
WRN 2026-09-05T11:34:38.039 ui.26660   tui_handle_term_mode:226: TUI: terminal mode 2027 unavailable, state 0
WRN 2026-09-05T11:34:38.039 ui.26660   tui_handle_term_mode:239: TUI: terminal mode 2031 detected, state 2
WRN 2026-09-05T11:34:38.039 ui.26660   tui_handle_term_mode:239: TUI: terminal mode 2048 detected, state 2
WRN 2026-09-05T11:35:06.558 ui.26765   tui_handle_term_mode:226: TUI: terminal mode 69 unavailable, state 0
WRN 2026-09-05T11:35:06.558 ui.26765   tui_handle_term_mode:239: TUI: terminal mode 2026 detected, state 2
WRN 2026-09-05T11:35:06.558 ui.26765   tui_handle_term_mode:226: TUI: terminal mode 2027 unavailable, state 0
WRN 2026-09-05T11:35:06.558 ui.26765   tui_handle_term_mode:239: TUI: terminal mode 2031 detected, state 2
WRN 2026-09-05T11:35:06.558 ui.26765   tui_handle_term_mode:239: TUI: terminal mode 2048 detected, state 2
WRN 2026-09-05T11:40:55.829 ui.27599   tui_handle_term_mode:226: TUI: terminal mode 69 unavailable, state 0
WRN 2026-09-05T11:40:55.829 ui.27599   tui_handle_term_mode:239: TUI: terminal mode 2026 detected, state 2
WRN 2026-09-05T11:40:55.829 ui.27599   tui_handle_term_mode:226: TUI: terminal mode 2027 unavailable, state 0
WRN 2026-09-05T11:40:55.829 ui.27599   tui_handle_term_mode:239: TUI: terminal mode 2031 detected, state 2
WRN 2026-09-05T11:40:55.829 ui.27599   tui_handle_term_mode:239: TUI: terminal mode 2048 detected, state 2
WRN 2026-09-05T11:41:08.190 ui.27679   tui_handle_term_mode:226: TUI: terminal mode 69 unavailable, state 0
WRN 2026-09-05T11:41:08.190 ui.27679   tui_handle_term_mode:239: TUI: terminal mode 2026 detected, state 2
WRN 2026-09-05T11:41:08.190 ui.27679   tui_handle_term_mode:226: TUI: terminal mode 2027 unavailable, state 0
WRN 2026-09-05T11:41:08.190 ui.27679   tui_handle_term_mode:239: TUI: terminal mode 2031 detected, state 2
WRN 2026-09-05T11:41:08.190 ui.27679   tui_handle_term_mode:239: TUI: terminal mode 2048 detected, state 2
WRN 2026-09-05T11:43:43.454 ui.28180   tui_handle_term_mode:226: TUI: terminal mode 69 unavailable, state 0
WRN 2026-09-05T11:43:43.454 ui.28180   tui_handle_term_mode:239: TUI: terminal mode 2026 detected, state 2
WRN 2026-09-05T11:43:43.454 ui.28180   tui_handle_term_mode:226: TUI: terminal mode 2027 unavailable, state 0
WRN 2026-09-05T11:43:43.454 ui.28180   tui_handle_term_mode:239: TUI: terminal mode 2031 detected, state 2
WRN 2026-09-05T11:43:43.454 ui.28180   tui_handle_term_mode:239: TUI: terminal mode 2048 detected, state 2
WRN 2026-09-05T11:45:46.297 ui.28695   tui_handle_term_mode:226: TUI: terminal mode 69 unavailable, state 0
WRN 2026-09-05T11:45:46.297 ui.28695   tui_handle_term_mode:239: TUI: terminal mode 2026 detected, state 2
WRN 2026-09-05T11:45:46.297 ui.28695   tui_handle_term_mode:226: TUI: terminal mode 2027 unavailable, state 0
WRN 2026-09-05T11:45:46.297 ui.28695   tui_handle_term_mode:239: TUI: terminal mode 2031 detected, state 2
WRN 2026-09-05T11:45:46.297 ui.28695   tui_handle_term_mode:239: TUI: terminal mode 2048 detected, state 2
WRN 2026-09-05T11:46:05.895 ui.28748   tui_handle_term_mode:226: TUI: terminal mode 69 unavailable, state 0
WRN 2026-09-05T11:46:05.895 ui.28748   tui_handle_term_mode:239: TUI: terminal mode 2026 detected, state 2
WRN 2026-09-05T11:46:05.895 ui.28748   tui_handle_term_mode:226: TUI: terminal mode 2027 unavailable, state 0
WRN 2026-09-05T11:46:05.895 ui.28748   tui_handle_term_mode:239: TUI: terminal mode 2031 detected, state 2
WRN 2026-09-05T11:46:05.895 ui.28748   tui_handle_term_mode:239: TUI: terminal mode 2048 detected, state 2
WRN 2026-09-05T11:47:12.827 ui.28848   tui_handle_term_mode:226: TUI: terminal mode 69 unavailable, state 0
WRN 2026-09-05T11:47:12.827 ui.28848   tui_handle_term_mode:239: TUI: terminal mode 2026 detected, state 2
WRN 2026-09-05T11:47:12.827 ui.28848   tui_handle_term_mode:226: TUI: terminal mode 2027 unavailable, state 0
WRN 2026-09-05T11:47:12.827 ui.28848   tui_handle_term_mode:239: TUI: terminal mode 2031 detected, state 2
WRN 2026-09-05T11:47:12.827 ui.28848   tui_handle_term_mode:239: TUI: terminal mode 2048 detected, state 2
WRN 2026-09-05T11:47:30.315 ui.28928   tui_handle_term_mode:226: TUI: terminal mode 69 unavailable, state 0
WRN 2026-09-05T11:47:30.315 ui.28928   tui_handle_term_mode:239: TUI: terminal mode 2026 detected, state 2
WRN 2026-09-05T11:47:30.315 ui.28928   tui_handle_term_mode:226: TUI: terminal mode 2027 unavailable, state 0
WRN 2026-09-05T11:47:30.315 ui.28928   tui_handle_term_mode:239: TUI: terminal mode 2031 detected, state 2
WRN 2026-09-05T11:47:30.315 ui.28928   tui_handle_term_mode:239: TUI: terminal mode 2048 detected, state 2
WRN 2026-09-05T11:47:36.300 ui.28940   tui_handle_term_mode:226: TUI: terminal mode 69 unavailable, state 0
WRN 2026-09-05T11:47:36.300 ui.28940   tui_handle_term_mode:239: TUI: terminal mode 2026 detected, state 2
WRN 2026-09-05T11:47:36.300 ui.28940   tui_handle_term_mode:226: TUI: terminal mode 2027 unavailable, state 0
WRN 2026-09-05T11:47:36.300 ui.28940   tui_handle_term_mode:239: TUI: terminal mode 2031 detected, state 2
WRN 2026-09-05T11:47:36.300 ui.28940   tui_handle_term_mode:239: TUI: terminal mode 2048 detected, state 2
WRN 2026-09-05T11:49:16.195 ui.29140   tui_handle_term_mode:226: TUI: terminal mode 69 unavailable, state 0
WRN 2026-09-05T11:49:16.195 ui.29140   tui_handle_term_mode:239: TUI: terminal mode 2026 detected, state 2
WRN 2026-09-05T11:49:16.195 ui.29140   tui_handle_term_mode:226: TUI: terminal mode 2027 unavailable, state 0
WRN 2026-09-05T11:49:16.195 ui.29140   tui_handle_term_mode:239: TUI: terminal mode 2031 detected, state 2
WRN 2026-09-05T11:49:16.195 ui.29140   tui_handle_term_mode:239: TUI: terminal mode 2048 detected, state 2
WRN 2026-09-05T11:49:26.830 ui.29176   tui_handle_term_mode:226: TUI: terminal mode 69 unavailable, state 0
WRN 2026-09-05T11:49:26.830 ui.29176   tui_handle_term_mode:239: TUI: terminal mode 2026 detected, state 2
WRN 2026-09-05T11:49:26.830 ui.29176   tui_handle_term_mode:226: TUI: terminal mode 2027 unavailable, state 0
WRN 2026-09-05T11:49:26.830 ui.29176   tui_handle_term_mode:239: TUI: terminal mode 2031 detected, state 2
WRN 2026-09-05T11:49:26.830 ui.29176   tui_handle_term_mode:239: TUI: terminal mode 2048 detected, state 2
WRN 2026-09-05T11:53:43.853 ui.30000   tui_handle_term_mode:226: TUI: terminal mode 69 unavailable, state 0
WRN 2026-09-05T11:53:43.853 ui.30000   tui_handle_term_mode:239: TUI: terminal mode 2026 detected, state 2
WRN 2026-09-05T11:53:43.853 ui.30000   tui_handle_term_mode:226: TUI: terminal mode 2027 unavailable, state 0
WRN 2026-09-05T11:53:43.853 ui.30000   tui_handle_term_mode:239: TUI: terminal mode 2031 detected, state 2
WRN 2026-09-05T11:53:43.853 ui.30000   tui_handle_term_mode:239: TUI: terminal mode 2048 detected, state 2
WRN 2026-09-05T12:00:10.292 ui.30829   tui_handle_term_mode:226: TUI: terminal mode 69 unavailable, state 0
WRN 2026-09-05T12:00:10.293 ui.30829   tui_handle_term_mode:239: TUI: terminal mode 2026 detected, state 2
WRN 2026-09-05T12:00:10.293 ui.30829   tui_handle_term_mode:226: TUI: terminal mode 2027 unavailable, state 0
WRN 2026-09-05T12:00:10.293 ui.30829   tui_handle_term_mode:239: TUI: terminal mode 2031 detected, state 2
WRN 2026-09-05T12:00:10.293 ui.30829   tui_handle_term_mode:239: TUI: terminal mode 2048 detected, state 2
WRN 2026-09-05T12:01:20.490 ui.31124   tui_handle_term_mode:226: TUI: terminal mode 69 unavailable, state 0
WRN 2026-09-05T12:01:20.490 ui.31124   tui_handle_term_mode:239: TUI: terminal mode 2026 detected, state 2
WRN 2026-09-05T12:01:20.490 ui.31124   tui_handle_term_mode:226: TUI: terminal mode 2027 unavailable, state 0
WRN 2026-09-05T12:01:20.490 ui.31124   tui_handle_term_mode:239: TUI: terminal mode 2031 detected, state 2
WRN 2026-09-05T12:01:20.490 ui.31124   tui_handle_term_mode:239: TUI: terminal mode 2048 detected, state 2
WRN 2026-09-05T12:07:14.393 ui.32222   tui_handle_term_mode:226: TUI: terminal mode 69 unavailable, state 0
WRN 2026-09-05T12:07:14.393 ui.32222   tui_handle_term_mode:239: TUI: terminal mode 2026 detected, state 2
WRN 2026-09-05T12:07:14.393 ui.32222   tui_handle_term_mode:226: TUI: terminal mode 2027 unavailable, state 0
WRN 2026-09-05T12:07:14.393 ui.32222   tui_handle_term_mode:239: TUI: terminal mode 2031 detected, state 2
WRN 2026-09-05T12:07:14.393 ui.32222   tui_handle_term_mode:239: TUI: terminal mode 2048 detected, state 2
WRN 2026-09-05T12:07:33.190 ui.32274   tui_handle_term_mode:226: TUI: terminal mode 69 unavailable, state 0
WRN 2026-09-05T12:07:33.190 ui.32274   tui_handle_term_mode:239: TUI: terminal mode 2026 detected, state 2
WRN 2026-09-05T12:07:33.190 ui.32274   tui_handle_term_mode:226: TUI: terminal mode 2027 unavailable, state 0
WRN 2026-09-05T12:07:33.190 ui.32274   tui_handle_term_mode:239: TUI: terminal mode 2031 detected, state 2
WRN 2026-09-05T12:07:33.190 ui.32274   tui_handle_term_mode:239: TUI: terminal mode 2048 detected, state 2
WRN 2026-09-05T12:13:43.317 ui.33226   tui_handle_term_mode:226: TUI: terminal mode 69 unavailable, state 0
WRN 2026-09-05T12:13:43.317 ui.33226   tui_handle_term_mode:239: TUI: terminal mode 2026 detected, state 2
WRN 2026-09-05T12:13:43.317 ui.33226   tui_handle_term_mode:226: TUI: terminal mode 2027 unavailable, state 0
WRN 2026-09-05T12:13:43.317 ui.33226   tui_handle_term_mode:239: TUI: terminal mode 2031 detected, state 2
WRN 2026-09-05T12:13:43.317 ui.33226   tui_handle_term_mode:239: TUI: terminal mode 2048 detected, state 2
WRN 2026-09-05T12:16:57.173 ui.33648   tui_handle_term_mode:226: TUI: terminal mode 69 unavailable, state 0
WRN 2026-09-05T12:16:57.173 ui.33648   tui_handle_term_mode:239: TUI: terminal mode 2026 detected, state 2
WRN 2026-09-05T12:16:57.173 ui.33648   tui_handle_term_mode:226: TUI: terminal mode 2027 unavailable, state 0
WRN 2026-09-05T12:16:57.173 ui.33648   tui_handle_term_mode:239: TUI: terminal mode 2031 detected, state 2
WRN 2026-09-05T12:16:57.173 ui.33648   tui_handle_term_mode:239: TUI: terminal mode 2048 detected, state 2
WRN 2026-09-05T12:20:01.673 ui.34176   tui_handle_term_mode:226: TUI: terminal mode 69 unavailable, state 0
WRN 2026-09-05T12:20:01.673 ui.34176   tui_handle_term_mode:239: TUI: terminal mode 2026 detected, state 2
WRN 2026-09-05T12:20:01.673 ui.34176   tui_handle_term_mode:226: TUI: terminal mode 2027 unavailable, state 0
WRN 2026-09-05T12:20:01.673 ui.34176   tui_handle_term_mode:239: TUI: terminal mode 2031 detected, state 2
WRN 2026-09-05T12:20:01.673 ui.34176   tui_handle_term_mode:239: TUI: terminal mode 2048 detected, state 2
WRN 2026-09-05T12:20:59.217 ui.34273   tui_handle_term_mode:226: TUI: terminal mode 69 unavailable, state 0
WRN 2026-09-05T12:20:59.217 ui.34273   tui_handle_term_mode:239: TUI: terminal mode 2026 detected, state 2
WRN 2026-09-05T12:20:59.217 ui.34273   tui_handle_term_mode:226: TUI: terminal mode 2027 unavailable, state 0
WRN 2026-09-05T12:20:59.217 ui.34273   tui_handle_term_mode:239: TUI: terminal mode 2031 detected, state 2
WRN 2026-09-05T12:20:59.217 ui.34273   tui_handle_term_mode:239: TUI: terminal mode 2048 detected, state 2
WRN 2026-09-05T12:23:01.379 ui.34492   tui_handle_term_mode:226: TUI: terminal mode 69 unavailable, state 0
WRN 2026-09-05T12:23:01.379 ui.34492   tui_handle_term_mode:239: TUI: terminal mode 2026 detected, state 2
WRN 2026-09-05T12:23:01.379 ui.34492   tui_handle_term_mode:226: TUI: terminal mode 2027 unavailable, state 0
WRN 2026-09-05T12:23:01.379 ui.34492   tui_handle_term_mode:239: TUI: terminal mode 2031 detected, state 2
WRN 2026-09-05T12:23:01.379 ui.34492   tui_handle_term_mode:239: TUI: terminal mode 2048 detected, state 2
WRN 2026-09-05T12:24:00.089 ui.34654   tui_handle_term_mode:226: TUI: terminal mode 69 unavailable, state 0
WRN 2026-09-05T12:24:00.089 ui.34654   tui_handle_term_mode:239: TUI: terminal mode 2026 detected, state 2
WRN 2026-09-05T12:24:00.089 ui.34654   tui_handle_term_mode:226: TUI: terminal mode 2027 unavailable, state 0
WRN 2026-09-05T12:24:00.089 ui.34654   tui_handle_term_mode:239: TUI: terminal mode 2031 detected, state 2
WRN 2026-09-05T12:24:00.089 ui.34654   tui_handle_term_mode:239: TUI: terminal mode 2048 detected, state 2
WRN 2026-09-05T12:25:01.601 ui.34860   tui_handle_term_mode:226: TUI: terminal mode 69 unavailable, state 0
WRN 2026-09-05T12:25:01.601 ui.34860   tui_handle_term_mode:239: TUI: terminal mode 2026 detected, state 2
WRN 2026-09-05T12:25:01.601 ui.34860   tui_handle_term_mode:226: TUI: terminal mode 2027 unavailable, state 0
WRN 2026-09-05T12:25:01.601 ui.34860   tui_handle_term_mode:239: TUI: terminal mode 2031 detected, state 2
WRN 2026-09-05T12:25:01.601 ui.34860   tui_handle_term_mode:239: TUI: terminal mode 2048 detected, state 2
WRN 2026-09-05T12:26:37.206 ui.35052   tui_handle_term_mode:226: TUI: terminal mode 69 unavailable, state 0
WRN 2026-09-05T12:26:37.206 ui.35052   tui_handle_term_mode:239: TUI: terminal mode 2026 detected, state 2
WRN 2026-09-05T12:26:37.206 ui.35052   tui_handle_term_mode:226: TUI: terminal mode 2027 unavailable, state 0
WRN 2026-09-05T12:26:37.206 ui.35052   tui_handle_term_mode:239: TUI: terminal mode 2031 detected, state 2
WRN 2026-09-05T12:26:37.206 ui.35052   tui_handle_term_mode:239: TUI: terminal mode 2048 detected, state 2
WRN 2026-09-05T12:53:14.891 ui.39690   tui_handle_term_mode:226: TUI: terminal mode 69 unavailable, state 0
WRN 2026-09-05T12:53:14.891 ui.39690   tui_handle_term_mode:239: TUI: terminal mode 2026 detected, state 2
WRN 2026-09-05T12:53:14.891 ui.39690   tui_handle_term_mode:226: TUI: terminal mode 2027 unavailable, state 0
WRN 2026-09-05T12:53:14.891 ui.39690   tui_handle_term_mode:239: TUI: terminal mode 2031 detected, state 2
WRN 2026-09-05T12:53:14.891 ui.39690   tui_handle_term_mode:239: TUI: terminal mode 2048 detected, state 2
WRN 2026-09-05T12:56:04.387 ui.39989   tui_handle_term_mode:226: TUI: terminal mode 69 unavailable, state 0
WRN 2026-09-05T12:56:04.387 ui.39989   tui_handle_term_mode:239: TUI: terminal mode 2026 detected, state 2
WRN 2026-09-05T12:56:04.387 ui.39989   tui_handle_term_mode:226: TUI: terminal mode 2027 unavailable, state 0
WRN 2026-09-05T12:56:04.387 ui.39989   tui_handle_term_mode:239: TUI: terminal mode 2031 detected, state 2
WRN 2026-09-05T12:56:04.387 ui.39989   tui_handle_term_mode:239: TUI: terminal mode 2048 detected, state 2
WRN 2026-09-05T12:56:32.226 ui.40131   tui_handle_term_mode:226: TUI: terminal mode 69 unavailable, state 0
WRN 2026-09-05T12:56:32.226 ui.40131   tui_handle_term_mode:239: TUI: terminal mode 2026 detected, state 2
WRN 2026-09-05T12:56:32.226 ui.40131   tui_handle_term_mode:226: TUI: terminal mode 2027 unavailable, state 0
WRN 2026-09-05T12:56:32.226 ui.40131   tui_handle_term_mode:239: TUI: terminal mode 2031 detected, state 2
WRN 2026-09-05T12:56:32.226 ui.40131   tui_handle_term_mode:239: TUI: terminal mode 2048 detected, state 2
WRN 2026-09-05T12:57:22.836 ui.40290   tui_handle_term_mode:226: TUI: terminal mode 69 unavailable, state 0
WRN 2026-09-05T12:57:22.836 ui.40290   tui_handle_term_mode:239: TUI: terminal mode 2026 detected, state 2
WRN 2026-09-05T12:57:22.836 ui.40290   tui_handle_term_mode:226: TUI: terminal mode 2027 unavailable, state 0
WRN 2026-09-05T12:57:22.836 ui.40290   tui_handle_term_mode:239: TUI: terminal mode 2031 detected, state 2
WRN 2026-09-05T12:57:22.836 ui.40290   tui_handle_term_mode:239: TUI: terminal mode 2048 detected, state 2
WRN 2026-09-05T13:00:52.327 ui.40811   tui_handle_term_mode:226: TUI: terminal mode 69 unavailable, state 0
WRN 2026-09-05T13:00:52.327 ui.40811   tui_handle_term_mode:239: TUI: terminal mode 2026 detected, state 2
WRN 2026-09-05T13:00:52.327 ui.40811   tui_handle_term_mode:226: TUI: terminal mode 2027 unavailable, state 0
WRN 2026-09-05T13:00:52.327 ui.40811   tui_handle_term_mode:239: TUI: terminal mode 2031 detected, state 2
WRN 2026-09-05T13:00:52.327 ui.40811   tui_handle_term_mode:239: TUI: terminal mode 2048 detected, state 2
WRN 2026-09-05T13:06:33.499 ui.41319   tui_handle_term_mode:226: TUI: terminal mode 69 unavailable, state 0
WRN 2026-09-05T13:06:33.499 ui.41319   tui_handle_term_mode:239: TUI: terminal mode 2026 detected, state 2
WRN 2026-09-05T13:06:33.499 ui.41319   tui_handle_term_mode:226: TUI: terminal mode 2027 unavailable, state 0
WRN 2026-09-05T13:06:33.499 ui.41319   tui_handle_term_mode:239: TUI: terminal mode 2031 detected, state 2
WRN 2026-09-05T13:06:33.499 ui.41319   tui_handle_term_mode:239: TUI: terminal mode 2048 detected, state 2
WRN 2026-09-05T13:07:11.252 ui.42213   tui_handle_term_mode:226: TUI: terminal mode 69 unavailable, state 0
WRN 2026-09-05T13:07:11.252 ui.42213   tui_handle_term_mode:239: TUI: terminal mode 2026 detected, state 2
WRN 2026-09-05T13:07:11.252 ui.42213   tui_handle_term_mode:226: TUI: terminal mode 2027 unavailable, state 0
WRN 2026-09-05T13:07:11.252 ui.42213   tui_handle_term_mode:239: TUI: terminal mode 2031 detected, state 2
WRN 2026-09-05T13:07:11.252 ui.42213   tui_handle_term_mode:239: TUI: terminal mode 2048 detected, state 2
WRN 2026-09-05T13:15:13.668 ui.42900   tui_handle_term_mode:226: TUI: terminal mode 69 unavailable, state 0
WRN 2026-09-05T13:15:13.668 ui.42900   tui_handle_term_mode:239: TUI: terminal mode 2026 detected, state 2
WRN 2026-09-05T13:15:13.668 ui.42900   tui_handle_term_mode:226: TUI: terminal mode 2027 unavailable, state 0
WRN 2026-09-05T13:15:13.668 ui.42900   tui_handle_term_mode:239: TUI: terminal mode 2031 detected, state 2
WRN 2026-09-05T13:15:13.668 ui.42900   tui_handle_term_mode:239: TUI: terminal mode 2048 detected, state 2
WRN 2026-09-05T13:18:18.655 ui.43480   tui_handle_term_mode:226: TUI: terminal mode 69 unavailable, state 0
WRN 2026-09-05T13:18:18.655 ui.43480   tui_handle_term_mode:239: TUI: terminal mode 2026 detected, state 2
WRN 2026-09-05T13:18:18.655 ui.43480   tui_handle_term_mode:226: TUI: terminal mode 2027 unavailable, state 0
WRN 2026-09-05T13:18:18.655 ui.43480   tui_handle_term_mode:239: TUI: terminal mode 2031 detected, state 2
WRN 2026-09-05T13:18:18.655 ui.43480   tui_handle_term_mode:239: TUI: terminal mode 2048 detected, state 2
WRN 2026-09-05T13:20:23.633 ui.43757   tui_handle_term_mode:226: TUI: terminal mode 69 unavailable, state 0
WRN 2026-09-05T13:20:23.633 ui.43757   tui_handle_term_mode:239: TUI: terminal mode 2026 detected, state 2
WRN 2026-09-05T13:20:23.633 ui.43757   tui_handle_term_mode:226: TUI: terminal mode 2027 unavailable, state 0
WRN 2026-09-05T13:20:23.633 ui.43757   tui_handle_term_mode:239: TUI: terminal mode 2031 detected, state 2
WRN 2026-09-05T13:20:23.633 ui.43757   tui_handle_term_mode:239: TUI: terminal mode 2048 detected, state 2
WRN 2026-09-05T13:26:20.809 ui.44671   tui_handle_term_mode:226: TUI: terminal mode 69 unavailable, state 0
WRN 2026-09-05T13:26:20.809 ui.44671   tui_handle_term_mode:239: TUI: terminal mode 2026 detected, state 2
WRN 2026-09-05T13:26:20.809 ui.44671   tui_handle_term_mode:226: TUI: terminal mode 2027 unavailable, state 0
WRN 2026-09-05T13:26:20.809 ui.44671   tui_handle_term_mode:239: TUI: terminal mode 2031 detected, state 2
WRN 2026-09-05T13:26:20.809 ui.44671   tui_handle_term_mode:239: TUI: terminal mode 2048 detected, state 2
WRN 2026-09-05T13:40:57.592 ui.47537   tui_handle_term_mode:226: TUI: terminal mode 69 unavailable, state 0
WRN 2026-09-05T13:40:57.592 ui.47537   tui_handle_term_mode:239: TUI: terminal mode 2026 detected, state 2
WRN 2026-09-05T13:40:57.592 ui.47537   tui_handle_term_mode:226: TUI: terminal mode 2027 unavailable, state 0
WRN 2026-09-05T13:40:57.592 ui.47537   tui_handle_term_mode:239: TUI: terminal mode 2031 detected, state 2
WRN 2026-09-05T13:40:57.592 ui.47537   tui_handle_term_mode:239: TUI: terminal mode 2048 detected, state 2
WRN 2026-09-05T13:41:20.757 ui.47580   tui_handle_term_mode:226: TUI: terminal mode 69 unavailable, state 0
WRN 2026-09-05T13:41:20.757 ui.47580   tui_handle_term_mode:239: TUI: terminal mode 2026 detected, state 2
WRN 2026-09-05T13:41:20.757 ui.47580   tui_handle_term_mode:226: TUI: terminal mode 2027 unavailable, state 0
WRN 2026-09-05T13:41:20.757 ui.47580   tui_handle_term_mode:239: TUI: terminal mode 2031 detected, state 2
WRN 2026-09-05T13:41:20.757 ui.47580   tui_handle_term_mode:239: TUI: terminal mode 2048 detected, state 2
WRN 2026-09-05T13:45:44.709 ui.48172   tui_handle_term_mode:226: TUI: terminal mode 69 unavailable, state 0
WRN 2026-09-05T13:45:44.709 ui.48172   tui_handle_term_mode:239: TUI: terminal mode 2026 detected, state 2
WRN 2026-09-05T13:45:44.709 ui.48172   tui_handle_term_mode:226: TUI: terminal mode 2027 unavailable, state 0
WRN 2026-09-05T13:45:44.709 ui.48172   tui_handle_term_mode:239: TUI: terminal mode 2031 detected, state 2
WRN 2026-09-05T13:45:44.709 ui.48172   tui_handle_term_mode:239: TUI: terminal mode 2048 detected, state 2
WRN 2026-09-05T13:47:50.626 ui.48398   tui_handle_term_mode:226: TUI: terminal mode 69 unavailable, state 0
WRN 2026-09-05T13:47:50.626 ui.48398   tui_handle_term_mode:239: TUI: terminal mode 2026 detected, state 2
WRN 2026-09-05T13:47:50.626 ui.48398   tui_handle_term_mode:226: TUI: terminal mode 2027 unavailable, state 0
WRN 2026-09-05T13:47:50.626 ui.48398   tui_handle_term_mode:239: TUI: terminal mode 2031 detected, state 2
WRN 2026-09-05T13:47:50.626 ui.48398   tui_handle_term_mode:239: TUI: terminal mode 2048 detected, state 2
WRN 2026-09-05T13:51:01.186 ui.48818   tui_handle_term_mode:226: TUI: terminal mode 69 unavailable, state 0
WRN 2026-09-05T13:51:01.186 ui.48818   tui_handle_term_mode:239: TUI: terminal mode 2026 detected, state 2
WRN 2026-09-05T13:51:01.186 ui.48818   tui_handle_term_mode:226: TUI: terminal mode 2027 unavailable, state 0
WRN 2026-09-05T13:51:01.186 ui.48818   tui_handle_term_mode:239: TUI: terminal mode 2031 detected, state 2
WRN 2026-09-05T13:51:01.186 ui.48818   tui_handle_term_mode:239: TUI: terminal mode 2048 detected, state 2
WRN 2026-09-05T13:59:21.396 ui.50078   tui_handle_term_mode:226: TUI: terminal mode 69 unavailable, state 0
WRN 2026-09-05T13:59:21.396 ui.50078   tui_handle_term_mode:239: TUI: terminal mode 2026 detected, state 2
WRN 2026-09-05T13:59:21.396 ui.50078   tui_handle_term_mode:226: TUI: terminal mode 2027 unavailable, state 0
WRN 2026-09-05T13:59:21.396 ui.50078   tui_handle_term_mode:239: TUI: terminal mode 2031 detected, state 2
WRN 2026-09-05T13:59:21.396 ui.50078   tui_handle_term_mode:239: TUI: terminal mode 2048 detected, state 2
WRN 2026-09-05T13:59:37.481 ui.50133   tui_handle_term_mode:226: TUI: terminal mode 69 unavailable, state 0
WRN 2026-09-05T13:59:37.481 ui.50133   tui_handle_term_mode:239: TUI: terminal mode 2026 detected, state 2
WRN 2026-09-05T13:59:37.481 ui.50133   tui_handle_term_mode:226: TUI: terminal mode 2027 unavailable, state 0
WRN 2026-09-05T13:59:37.482 ui.50133   tui_handle_term_mode:239: TUI: terminal mode 2031 detected, state 2
WRN 2026-09-05T13:59:37.482 ui.50133   tui_handle_term_mode:239: TUI: terminal mode 2048 detected, state 2
WRN 2026-09-05T14:01:30.363 ui.50339   tui_handle_term_mode:226: TUI: terminal mode 69 unavailable, state 0
WRN 2026-09-05T14:01:30.363 ui.50339   tui_handle_term_mode:239: TUI: terminal mode 2026 detected, state 2
WRN 2026-09-05T14:01:30.363 ui.50339   tui_handle_term_mode:226: TUI: terminal mode 2027 unavailable, state 0
WRN 2026-09-05T14:01:30.363 ui.50339   tui_handle_term_mode:239: TUI: terminal mode 2031 detected, state 2
WRN 2026-09-05T14:01:30.363 ui.50339   tui_handle_term_mode:239: TUI: terminal mode 2048 detected, state 2
WRN 2026-09-05T14:01:46.632 ui.50394   tui_handle_term_mode:226: TUI: terminal mode 69 unavailable, state 0
WRN 2026-09-05T14:01:46.632 ui.50394   tui_handle_term_mode:239: TUI: terminal mode 2026 detected, state 2
WRN 2026-09-05T14:01:46.632 ui.50394   tui_handle_term_mode:226: TUI: terminal mode 2027 unavailable, state 0
WRN 2026-09-05T14:01:46.632 ui.50394   tui_handle_term_mode:239: TUI: terminal mode 2031 detected, state 2
WRN 2026-09-05T14:01:46.632 ui.50394   tui_handle_term_mode:239: TUI: terminal mode 2048 detected, state 2
WRN 2026-09-05T14:03:51.036 ui.50823   tui_handle_term_mode:226: TUI: terminal mode 69 unavailable, state 0
WRN 2026-09-05T14:03:51.036 ui.50823   tui_handle_term_mode:239: TUI: terminal mode 2026 detected, state 2
WRN 2026-09-05T14:03:51.036 ui.50823   tui_handle_term_mode:226: TUI: terminal mode 2027 unavailable, state 0
WRN 2026-09-05T14:03:51.036 ui.50823   tui_handle_term_mode:239: TUI: terminal mode 2031 detected, state 2
WRN 2026-09-05T14:03:51.036 ui.50823   tui_handle_term_mode:239: TUI: terminal mode 2048 detected, state 2
WRN 2026-09-05T14:04:05.094 ui.50879   tui_handle_term_mode:226: TUI: terminal mode 69 unavailable, state 0
WRN 2026-09-05T14:04:05.094 ui.50879   tui_handle_term_mode:239: TUI: terminal mode 2026 detected, state 2
WRN 2026-09-05T14:04:05.094 ui.50879   tui_handle_term_mode:226: TUI: terminal mode 2027 unavailable, state 0
WRN 2026-09-05T14:04:05.094 ui.50879   tui_handle_term_mode:239: TUI: terminal mode 2031 detected, state 2
WRN 2026-09-05T14:04:05.094 ui.50879   tui_handle_term_mode:239: TUI: terminal mode 2048 detected, state 2
WRN 2026-09-05T14:05:53.782 ui.51185   tui_handle_term_mode:226: TUI: terminal mode 69 unavailable, state 0
WRN 2026-09-05T14:05:53.782 ui.51185   tui_handle_term_mode:239: TUI: terminal mode 2026 detected, state 2
WRN 2026-09-05T14:05:53.782 ui.51185   tui_handle_term_mode:226: TUI: terminal mode 2027 unavailable, state 0
WRN 2026-09-05T14:05:53.782 ui.51185   tui_handle_term_mode:239: TUI: terminal mode 2031 detected, state 2
WRN 2026-09-05T14:05:53.782 ui.51185   tui_handle_term_mode:239: TUI: terminal mode 2048 detected, state 2
WRN 2026-09-05T14:06:30.782 ui.51365   tui_handle_term_mode:226: TUI: terminal mode 69 unavailable, state 0
WRN 2026-09-05T14:06:30.782 ui.51365   tui_handle_term_mode:239: TUI: terminal mode 2026 detected, state 2
WRN 2026-09-05T14:06:30.782 ui.51365   tui_handle_term_mode:226: TUI: terminal mode 2027 unavailable, state 0
WRN 2026-09-05T14:06:30.782 ui.51365   tui_handle_term_mode:239: TUI: terminal mode 2031 detected, state 2
WRN 2026-09-05T14:06:30.782 ui.51365   tui_handle_term_mode:239: TUI: terminal mode 2048 detected, state 2
WRN 2026-09-05T14:06:36.306 ui.51452   tui_handle_term_mode:226: TUI: terminal mode 69 unavailable, state 0
WRN 2026-09-05T14:06:36.306 ui.51452   tui_handle_term_mode:239: TUI: terminal mode 2026 detected, state 2
WRN 2026-09-05T14:06:36.306 ui.51452   tui_handle_term_mode:226: TUI: terminal mode 2027 unavailable, state 0
WRN 2026-09-05T14:06:36.306 ui.51452   tui_handle_term_mode:239: TUI: terminal mode 2031 detected, state 2
WRN 2026-09-05T14:06:36.306 ui.51452   tui_handle_term_mode:239: TUI: terminal mode 2048 detected, state 2
WRN 2026-09-05T14:07:26.512 ui.51601   tui_handle_term_mode:226: TUI: terminal mode 69 unavailable, state 0
WRN 2026-09-05T14:07:26.512 ui.51601   tui_handle_term_mode:239: TUI: terminal mode 2026 detected, state 2
WRN 2026-09-05T14:07:26.512 ui.51601   tui_handle_term_mode:226: TUI: terminal mode 2027 unavailable, state 0
WRN 2026-09-05T14:07:26.512 ui.51601   tui_handle_term_mode:239: TUI: terminal mode 2031 detected, state 2
WRN 2026-09-05T14:07:26.512 ui.51601   tui_handle_term_mode:239: TUI: terminal mode 2048 detected, state 2
WRN 2026-09-05T14:08:52.816 ui.51804   tui_handle_term_mode:226: TUI: terminal mode 69 unavailable, state 0
WRN 2026-09-05T14:08:52.816 ui.51804   tui_handle_term_mode:239: TUI: terminal mode 2026 detected, state 2
WRN 2026-09-05T14:08:52.816 ui.51804   tui_handle_term_mode:226: TUI: terminal mode 2027 unavailable, state 0
WRN 2026-09-05T14:08:52.816 ui.51804   tui_handle_term_mode:239: TUI: terminal mode 2031 detected, state 2
WRN 2026-09-05T14:08:52.816 ui.51804   tui_handle_term_mode:239: TUI: terminal mode 2048 detected, state 2
WRN 2026-09-05T15:23:46.141 ui.1543    tui_handle_term_mode:226: TUI: terminal mode 69 unavailable, state 0
WRN 2026-09-05T15:23:46.142 ui.1543    tui_handle_term_mode:239: TUI: terminal mode 2026 detected, state 2
WRN 2026-09-05T15:23:46.142 ui.1543    tui_handle_term_mode:226: TUI: terminal mode 2027 unavailable, state 0
WRN 2026-09-05T15:23:46.142 ui.1543    tui_handle_term_mode:239: TUI: terminal mode 2031 detected, state 2
WRN 2026-09-05T15:23:46.142 ui.1543    tui_handle_term_mode:239: TUI: terminal mode 2048 detected, state 2
WRN 2026-09-05T15:27:54.768 ui.2922    tui_handle_term_mode:226: TUI: terminal mode 69 unavailable, state 0
WRN 2026-09-05T15:27:54.768 ui.2922    tui_handle_term_mode:239: TUI: terminal mode 2026 detected, state 2
WRN 2026-09-05T15:27:54.768 ui.2922    tui_handle_term_mode:226: TUI: terminal mode 2027 unavailable, state 0
WRN 2026-09-05T15:27:54.768 ui.2922    tui_handle_term_mode:239: TUI: terminal mode 2031 detected, state 2
WRN 2026-09-05T15:27:54.768 ui.2922    tui_handle_term_mode:239: TUI: terminal mode 2048 detected, state 2
WRN 2026-09-05T15:28:13.448 ui.2939    tui_handle_term_mode:226: TUI: terminal mode 69 unavailable, state 0
WRN 2026-09-05T15:28:13.448 ui.2939    tui_handle_term_mode:239: TUI: terminal mode 2026 detected, state 2
WRN 2026-09-05T15:28:13.448 ui.2939    tui_handle_term_mode:226: TUI: terminal mode 2027 unavailable, state 0
WRN 2026-09-05T15:28:13.448 ui.2939    tui_handle_term_mode:239: TUI: terminal mode 2031 detected, state 2
WRN 2026-09-05T15:28:13.448 ui.2939    tui_handle_term_mode:239: TUI: terminal mode 2048 detected, state 2
WRN 2026-09-05T15:33:02.980 ui.3747    tui_handle_term_mode:226: TUI: terminal mode 69 unavailable, state 0
WRN 2026-09-05T15:33:02.980 ui.3747    tui_handle_term_mode:239: TUI: terminal mode 2026 detected, state 2
WRN 2026-09-05T15:33:02.981 ui.3747    tui_handle_term_mode:226: TUI: terminal mode 2027 unavailable, state 0
WRN 2026-09-05T15:33:02.981 ui.3747    tui_handle_term_mode:239: TUI: terminal mode 2031 detected, state 2
WRN 2026-09-05T15:33:02.981 ui.3747    tui_handle_term_mode:239: TUI: terminal mode 2048 detected, state 2
WRN 2026-09-05T15:33:23.626 ui.3764    tui_handle_term_mode:226: TUI: terminal mode 69 unavailable, state 0
WRN 2026-09-05T15:33:23.626 ui.3764    tui_handle_term_mode:239: TUI: terminal mode 2026 detected, state 2
WRN 2026-09-05T15:33:23.626 ui.3764    tui_handle_term_mode:226: TUI: terminal mode 2027 unavailable, state 0
WRN 2026-09-05T15:33:23.626 ui.3764    tui_handle_term_mode:239: TUI: terminal mode 2031 detected, state 2
WRN 2026-09-05T15:33:23.626 ui.3764    tui_handle_term_mode:239: TUI: terminal mode 2048 detected, state 2
WRN 2026-09-05T15:39:51.069 ui.5211    tui_handle_term_mode:226: TUI: terminal mode 69 unavailable, state 0
WRN 2026-09-05T15:39:51.069 ui.5211    tui_handle_term_mode:239: TUI: terminal mode 2026 detected, state 2
WRN 2026-09-05T15:39:51.069 ui.5211    tui_handle_term_mode:226: TUI: terminal mode 2027 unavailable, state 0
WRN 2026-09-05T15:39:51.069 ui.5211    tui_handle_term_mode:239: TUI: terminal mode 2031 detected, state 2
WRN 2026-09-05T15:39:51.069 ui.5211    tui_handle_term_mode:239: TUI: terminal mode 2048 detected, state 2
WRN 2026-09-05T15:40:11.474 ui.5314    tui_handle_term_mode:226: TUI: terminal mode 69 unavailable, state 0
WRN 2026-09-05T15:40:11.474 ui.5314    tui_handle_term_mode:239: TUI: terminal mode 2026 detected, state 2
WRN 2026-09-05T15:40:11.474 ui.5314    tui_handle_term_mode:226: TUI: terminal mode 2027 unavailable, state 0
WRN 2026-09-05T15:40:11.474 ui.5314    tui_handle_term_mode:239: TUI: terminal mode 2031 detected, state 2
WRN 2026-09-05T15:40:11.474 ui.5314    tui_handle_term_mode:239: TUI: terminal mode 2048 detected, state 2
WRN 2026-09-05T15:40:23.929 ui.5556    tui_handle_term_mode:226: TUI: terminal mode 69 unavailable, state 0
WRN 2026-09-05T15:40:23.929 ui.5556    tui_handle_term_mode:239: TUI: terminal mode 2026 detected, state 2
WRN 2026-09-05T15:40:23.929 ui.5556    tui_handle_term_mode:226: TUI: terminal mode 2027 unavailable, state 0
WRN 2026-09-05T15:40:23.929 ui.5556    tui_handle_term_mode:239: TUI: terminal mode 2031 detected, state 2
WRN 2026-09-05T15:40:23.929 ui.5556    tui_handle_term_mode:239: TUI: terminal mode 2048 detected, state 2
WRN 2026-09-05T15:42:51.362 ui.5913    tui_handle_term_mode:226: TUI: terminal mode 69 unavailable, state 0
WRN 2026-09-05T15:42:51.362 ui.5913    tui_handle_term_mode:239: TUI: terminal mode 2026 detected, state 2
WRN 2026-09-05T15:42:51.362 ui.5913    tui_handle_term_mode:226: TUI: terminal mode 2027 unavailable, state 0
WRN 2026-09-05T15:42:51.362 ui.5913    tui_handle_term_mode:239: TUI: terminal mode 2031 detected, state 2
WRN 2026-09-05T15:42:51.362 ui.5913    tui_handle_term_mode:239: TUI: terminal mode 2048 detected, state 2
WRN 2026-09-05T15:45:33.955 ui.6308    tui_handle_term_mode:226: TUI: terminal mode 69 unavailable, state 0
WRN 2026-09-05T15:45:33.955 ui.6308    tui_handle_term_mode:239: TUI: terminal mode 2026 detected, state 2
WRN 2026-09-05T15:45:33.955 ui.6308    tui_handle_term_mode:226: TUI: terminal mode 2027 unavailable, state 0
WRN 2026-09-05T15:45:33.955 ui.6308    tui_handle_term_mode:239: TUI: terminal mode 2031 detected, state 2
WRN 2026-09-05T15:45:33.955 ui.6308    tui_handle_term_mode:239: TUI: terminal mode 2048 detected, state 2
WRN 2026-09-05T15:46:18.449 ui.6725    tui_handle_term_mode:226: TUI: terminal mode 69 unavailable, state 0
WRN 2026-09-05T15:46:18.449 ui.6725    tui_handle_term_mode:239: TUI: terminal mode 2026 detected, state 2
WRN 2026-09-05T15:46:18.449 ui.6725    tui_handle_term_mode:226: TUI: terminal mode 2027 unavailable, state 0
WRN 2026-09-05T15:46:18.449 ui.6725    tui_handle_term_mode:239: TUI: terminal mode 2031 detected, state 2
WRN 2026-09-05T15:46:18.449 ui.6725    tui_handle_term_mode:239: TUI: terminal mode 2048 detected, state 2
WRN 2026-09-05T15:49:36.810 ui.7355    tui_handle_term_mode:226: TUI: terminal mode 69 unavailable, state 0
WRN 2026-09-05T15:49:36.810 ui.7355    tui_handle_term_mode:239: TUI: terminal mode 2026 detected, state 2
WRN 2026-09-05T15:49:36.810 ui.7355    tui_handle_term_mode:226: TUI: terminal mode 2027 unavailable, state 0
WRN 2026-09-05T15:49:36.810 ui.7355    tui_handle_term_mode:239: TUI: terminal mode 2031 detected, state 2
WRN 2026-09-05T15:49:36.810 ui.7355    tui_handle_term_mode:239: TUI: terminal mode 2048 detected, state 2
WRN 2026-09-05T15:54:06.720 ui.8673    tui_handle_term_mode:226: TUI: terminal mode 69 unavailable, state 0
WRN 2026-09-05T15:54:06.720 ui.8673    tui_handle_term_mode:239: TUI: terminal mode 2026 detected, state 2
WRN 2026-09-05T15:54:06.720 ui.8673    tui_handle_term_mode:226: TUI: terminal mode 2027 unavailable, state 0
WRN 2026-09-05T15:54:06.720 ui.8673    tui_handle_term_mode:239: TUI: terminal mode 2031 detected, state 2
WRN 2026-09-05T15:54:06.720 ui.8673    tui_handle_term_mode:239: TUI: terminal mode 2048 detected, state 2
WRN 2026-09-05T15:58:51.660 ui.9774    tui_handle_term_mode:226: TUI: terminal mode 69 unavailable, state 0
WRN 2026-09-05T15:58:51.660 ui.9774    tui_handle_term_mode:239: TUI: terminal mode 2026 detected, state 2
WRN 2026-09-05T15:58:51.660 ui.9774    tui_handle_term_mode:226: TUI: terminal mode 2027 unavailable, state 0
WRN 2026-09-05T15:58:51.660 ui.9774    tui_handle_term_mode:239: TUI: terminal mode 2031 detected, state 2
WRN 2026-09-05T15:58:51.660 ui.9774    tui_handle_term_mode:239: TUI: terminal mode 2048 detected, state 2
WRN 2026-09-05T16:01:58.318 ui.10218   tui_handle_term_mode:226: TUI: terminal mode 69 unavailable, state 0
WRN 2026-09-05T16:01:58.318 ui.10218   tui_handle_term_mode:239: TUI: terminal mode 2026 detected, state 2
WRN 2026-09-05T16:01:58.318 ui.10218   tui_handle_term_mode:226: TUI: terminal mode 2027 unavailable, state 0
WRN 2026-09-05T16:01:58.318 ui.10218   tui_handle_term_mode:239: TUI: terminal mode 2031 detected, state 2
WRN 2026-09-05T16:01:58.318 ui.10218   tui_handle_term_mode:239: TUI: terminal mode 2048 detected, state 2
WRN 2026-09-05T16:02:07.650 ui.10256   tui_handle_term_mode:226: TUI: terminal mode 69 unavailable, state 0
WRN 2026-09-05T16:02:07.650 ui.10256   tui_handle_term_mode:239: TUI: terminal mode 2026 detected, state 2
WRN 2026-09-05T16:02:07.650 ui.10256   tui_handle_term_mode:226: TUI: terminal mode 2027 unavailable, state 0
WRN 2026-09-05T16:02:07.650 ui.10256   tui_handle_term_mode:239: TUI: terminal mode 2031 detected, state 2
WRN 2026-09-05T16:02:07.650 ui.10256   tui_handle_term_mode:239: TUI: terminal mode 2048 detected, state 2
WRN 2026-09-05T16:10:01.381 ui.12220   tui_handle_term_mode:226: TUI: terminal mode 69 unavailable, state 0
WRN 2026-09-05T16:10:01.381 ui.12220   tui_handle_term_mode:239: TUI: terminal mode 2026 detected, state 2
WRN 2026-09-05T16:10:01.381 ui.12220   tui_handle_term_mode:226: TUI: terminal mode 2027 unavailable, state 0
WRN 2026-09-05T16:10:01.381 ui.12220   tui_handle_term_mode:239: TUI: terminal mode 2031 detected, state 2
WRN 2026-09-05T16:10:01.381 ui.12220   tui_handle_term_mode:239: TUI: terminal mode 2048 detected, state 2
WRN 2026-09-05T16:20:26.795 ui.18600   tui_handle_term_mode:226: TUI: terminal mode 69 unavailable, state 0
WRN 2026-09-05T16:20:26.795 ui.18600   tui_handle_term_mode:239: TUI: terminal mode 2026 detected, state 2
WRN 2026-09-05T16:20:26.795 ui.18600   tui_handle_term_mode:226: TUI: terminal mode 2027 unavailable, state 0
WRN 2026-09-05T16:20:26.795 ui.18600   tui_handle_term_mode:239: TUI: terminal mode 2031 detected, state 2
WRN 2026-09-05T16:20:26.795 ui.18600   tui_handle_term_mode:239: TUI: terminal mode 2048 detected, state 2
WRN 2026-09-05T16:21:23.802 ui.18861   tui_handle_term_mode:226: TUI: terminal mode 69 unavailable, state 0
WRN 2026-09-05T16:21:23.802 ui.18861   tui_handle_term_mode:239: TUI: terminal mode 2026 detected, state 2
WRN 2026-09-05T16:21:23.802 ui.18861   tui_handle_term_mode:226: TUI: terminal mode 2027 unavailable, state 0
WRN 2026-09-05T16:21:23.802 ui.18861   tui_handle_term_mode:239: TUI: terminal mode 2031 detected, state 2
WRN 2026-09-05T16:21:23.802 ui.18861   tui_handle_term_mode:239: TUI: terminal mode 2048 detected, state 2
WRN 2026-09-05T16:26:05.708 ui.20326   tui_handle_term_mode:226: TUI: terminal mode 69 unavailable, state 0
WRN 2026-09-05T16:26:05.708 ui.20326   tui_handle_term_mode:239: TUI: terminal mode 2026 detected, state 2
WRN 2026-09-05T16:26:05.708 ui.20326   tui_handle_term_mode:226: TUI: terminal mode 2027 unavailable, state 0
WRN 2026-09-05T16:26:05.708 ui.20326   tui_handle_term_mode:239: TUI: terminal mode 2031 detected, state 2
WRN 2026-09-05T16:26:05.708 ui.20326   tui_handle_term_mode:239: TUI: terminal mode 2048 detected, state 2
WRN 2026-09-05T16:26:42.990 ui.20492   tui_handle_term_mode:226: TUI: terminal mode 69 unavailable, state 0
WRN 2026-09-05T16:26:42.990 ui.20492   tui_handle_term_mode:239: TUI: terminal mode 2026 detected, state 2
WRN 2026-09-05T16:26:42.990 ui.20492   tui_handle_term_mode:226: TUI: terminal mode 2027 unavailable, state 0
WRN 2026-09-05T16:26:42.990 ui.20492   tui_handle_term_mode:239: TUI: terminal mode 2031 detected, state 2
WRN 2026-09-05T16:26:42.990 ui.20492   tui_handle_term_mode:239: TUI: terminal mode 2048 detected, state 2
WRN 2026-09-05T16:30:15.139 ui.21875   tui_handle_term_mode:226: TUI: terminal mode 69 unavailable, state 0
WRN 2026-09-05T16:30:15.139 ui.21875   tui_handle_term_mode:239: TUI: terminal mode 2026 detected, state 2
WRN 2026-09-05T16:30:15.139 ui.21875   tui_handle_term_mode:226: TUI: terminal mode 2027 unavailable, state 0
WRN 2026-09-05T16:30:15.139 ui.21875   tui_handle_term_mode:239: TUI: terminal mode 2031 detected, state 2
WRN 2026-09-05T16:30:15.139 ui.21875   tui_handle_term_mode:239: TUI: terminal mode 2048 detected, state 2
WRN 2026-09-05T16:30:43.313 ui.21971   tui_handle_term_mode:226: TUI: terminal mode 69 unavailable, state 0
WRN 2026-09-05T16:30:43.313 ui.21971   tui_handle_term_mode:239: TUI: terminal mode 2026 detected, state 2
WRN 2026-09-05T16:30:43.313 ui.21971   tui_handle_term_mode:226: TUI: terminal mode 2027 unavailable, state 0
WRN 2026-09-05T16:30:43.313 ui.21971   tui_handle_term_mode:239: TUI: terminal mode 2031 detected, state 2
WRN 2026-09-05T16:30:43.313 ui.21971   tui_handle_term_mode:239: TUI: terminal mode 2048 detected, state 2
WRN 2026-09-05T16:32:50.021 ui.22374   tui_handle_term_mode:226: TUI: terminal mode 69 unavailable, state 0
WRN 2026-09-05T16:32:50.021 ui.22374   tui_handle_term_mode:239: TUI: terminal mode 2026 detected, state 2
WRN 2026-09-05T16:32:50.021 ui.22374   tui_handle_term_mode:226: TUI: terminal mode 2027 unavailable, state 0
WRN 2026-09-05T16:32:50.021 ui.22374   tui_handle_term_mode:239: TUI: terminal mode 2031 detected, state 2
WRN 2026-09-05T16:32:50.021 ui.22374   tui_handle_term_mode:239: TUI: terminal mode 2048 detected, state 2
WRN 2026-09-05T16:34:19.806 ui.22615   tui_handle_term_mode:226: TUI: terminal mode 69 unavailable, state 0
WRN 2026-09-05T16:34:19.806 ui.22615   tui_handle_term_mode:239: TUI: terminal mode 2026 detected, state 2
WRN 2026-09-05T16:34:19.806 ui.22615   tui_handle_term_mode:226: TUI: terminal mode 2027 unavailable, state 0
WRN 2026-09-05T16:34:19.806 ui.22615   tui_handle_term_mode:239: TUI: terminal mode 2031 detected, state 2
WRN 2026-09-05T16:34:19.806 ui.22615   tui_handle_term_mode:239: TUI: terminal mode 2048 detected, state 2
WRN 2026-09-05T17:58:08.685 ui.5372    tui_handle_term_mode:226: TUI: terminal mode 69 unavailable, state 0
WRN 2026-09-05T17:58:08.686 ui.5372    tui_handle_term_mode:239: TUI: terminal mode 2026 detected, state 2
WRN 2026-09-05T17:58:08.686 ui.5372    tui_handle_term_mode:226: TUI: terminal mode 2027 unavailable, state 0
WRN 2026-09-05T17:58:08.686 ui.5372    tui_handle_term_mode:239: TUI: terminal mode 2031 detected, state 2
WRN 2026-09-05T17:58:08.686 ui.5372    tui_handle_term_mode:239: TUI: terminal mode 2048 detected, state 2
WRN 2026-09-05T17:58:54.711 ui.5538    tui_handle_term_mode:226: TUI: terminal mode 69 unavailable, state 0
WRN 2026-09-05T17:58:54.711 ui.5538    tui_handle_term_mode:239: TUI: terminal mode 2026 detected, state 2
WRN 2026-09-05T17:58:54.711 ui.5538    tui_handle_term_mode:226: TUI: terminal mode 2027 unavailable, state 0
WRN 2026-09-05T17:58:54.711 ui.5538    tui_handle_term_mode:239: TUI: terminal mode 2031 detected, state 2
WRN 2026-09-05T17:58:54.711 ui.5538    tui_handle_term_mode:239: TUI: terminal mode 2048 detected, state 2
WRN 2026-09-05T17:59:56.148 ui.6547    tui_handle_term_mode:226: TUI: terminal mode 69 unavailable, state 0
WRN 2026-09-05T17:59:56.148 ui.6547    tui_handle_term_mode:239: TUI: terminal mode 2026 detected, state 2
WRN 2026-09-05T17:59:56.148 ui.6547    tui_handle_term_mode:226: TUI: terminal mode 2027 unavailable, state 0
WRN 2026-09-05T17:59:56.148 ui.6547    tui_handle_term_mode:239: TUI: terminal mode 2031 detected, state 2
WRN 2026-09-05T17:59:56.148 ui.6547    tui_handle_term_mode:239: TUI: terminal mode 2048 detected, state 2
WRN 2026-09-05T18:01:27.473 ui.8089    tui_handle_term_mode:226: TUI: terminal mode 69 unavailable, state 0
WRN 2026-09-05T18:01:27.473 ui.8089    tui_handle_term_mode:239: TUI: terminal mode 2026 detected, state 2
WRN 2026-09-05T18:01:27.473 ui.8089    tui_handle_term_mode:226: TUI: terminal mode 2027 unavailable, state 0
WRN 2026-09-05T18:01:27.473 ui.8089    tui_handle_term_mode:239: TUI: terminal mode 2031 detected, state 2
WRN 2026-09-05T18:01:27.473 ui.8089    tui_handle_term_mode:239: TUI: terminal mode 2048 detected, state 2
WRN 2026-09-05T18:01:30.954 ui.8103    tui_handle_term_mode:226: TUI: terminal mode 69 unavailable, state 0
WRN 2026-09-05T18:01:30.954 ui.8103    tui_handle_term_mode:239: TUI: terminal mode 2026 detected, state 2
WRN 2026-09-05T18:01:30.954 ui.8103    tui_handle_term_mode:226: TUI: terminal mode 2027 unavailable, state 0
WRN 2026-09-05T18:01:30.954 ui.8103    tui_handle_term_mode:239: TUI: terminal mode 2031 detected, state 2
WRN 2026-09-05T18:01:30.954 ui.8103    tui_handle_term_mode:239: TUI: terminal mode 2048 detected, state 2
WRN 2026-09-05T18:12:20.590 ui.14198   tui_handle_term_mode:226: TUI: terminal mode 69 unavailable, state 0
WRN 2026-09-05T18:12:20.590 ui.14198   tui_handle_term_mode:239: TUI: terminal mode 2026 detected, state 2
WRN 2026-09-05T18:12:20.590 ui.14198   tui_handle_term_mode:226: TUI: terminal mode 2027 unavailable, state 0
WRN 2026-09-05T18:12:20.590 ui.14198   tui_handle_term_mode:239: TUI: terminal mode 2031 detected, state 2
WRN 2026-09-05T18:12:20.590 ui.14198   tui_handle_term_mode:239: TUI: terminal mode 2048 detected, state 2
WRN 2026-09-05T18:17:15.858 ui.15300   tui_handle_term_mode:226: TUI: terminal mode 69 unavailable, state 0
WRN 2026-09-05T18:17:15.858 ui.15300   tui_handle_term_mode:239: TUI: terminal mode 2026 detected, state 2
WRN 2026-09-05T18:17:15.858 ui.15300   tui_handle_term_mode:226: TUI: terminal mode 2027 unavailable, state 0
WRN 2026-09-05T18:17:15.858 ui.15300   tui_handle_term_mode:239: TUI: terminal mode 2031 detected, state 2
WRN 2026-09-05T18:17:15.858 ui.15300   tui_handle_term_mode:239: TUI: terminal mode 2048 detected, state 2
WRN 2026-09-05T18:21:20.624 ui.16817   tui_handle_term_mode:226: TUI: terminal mode 69 unavailable, state 0
WRN 2026-09-05T18:21:20.624 ui.16817   tui_handle_term_mode:239: TUI: terminal mode 2026 detected, state 2
WRN 2026-09-05T18:21:20.624 ui.16817   tui_handle_term_mode:226: TUI: terminal mode 2027 unavailable, state 0
WRN 2026-09-05T18:21:20.624 ui.16817   tui_handle_term_mode:239: TUI: terminal mode 2031 detected, state 2
WRN 2026-09-05T18:21:20.624 ui.16817   tui_handle_term_mode:239: TUI: terminal mode 2048 detected, state 2
WRN 2026-09-05T18:21:44.607 ui.17084   tui_handle_term_mode:226: TUI: terminal mode 69 unavailable, state 0
WRN 2026-09-05T18:21:44.607 ui.17084   tui_handle_term_mode:239: TUI: terminal mode 2026 detected, state 2
WRN 2026-09-05T18:21:44.607 ui.17084   tui_handle_term_mode:226: TUI: terminal mode 2027 unavailable, state 0
WRN 2026-09-05T18:21:44.607 ui.17084   tui_handle_term_mode:239: TUI: terminal mode 2031 detected, state 2
WRN 2026-09-05T18:21:44.607 ui.17084   tui_handle_term_mode:239: TUI: terminal mode 2048 detected, state 2
WRN 2026-09-05T18:23:23.401 ui.17897   tui_handle_term_mode:226: TUI: terminal mode 69 unavailable, state 0
WRN 2026-09-05T18:23:23.401 ui.17897   tui_handle_term_mode:239: TUI: terminal mode 2026 detected, state 2
WRN 2026-09-05T18:23:23.401 ui.17897   tui_handle_term_mode:226: TUI: terminal mode 2027 unavailable, state 0
WRN 2026-09-05T18:23:23.401 ui.17897   tui_handle_term_mode:239: TUI: terminal mode 2031 detected, state 2
WRN 2026-09-05T18:23:23.401 ui.17897   tui_handle_term_mode:239: TUI: terminal mode 2048 detected, state 2
WRN 2026-09-05T18:29:49.752 ui.19933   tui_handle_term_mode:226: TUI: terminal mode 69 unavailable, state 0
WRN 2026-09-05T18:29:49.752 ui.19933   tui_handle_term_mode:239: TUI: terminal mode 2026 detected, state 2
WRN 2026-09-05T18:29:49.752 ui.19933   tui_handle_term_mode:226: TUI: terminal mode 2027 unavailable, state 0
WRN 2026-09-05T18:29:49.752 ui.19933   tui_handle_term_mode:239: TUI: terminal mode 2031 detected, state 2
WRN 2026-09-05T18:29:49.752 ui.19933   tui_handle_term_mode:239: TUI: terminal mode 2048 detected, state 2
WRN 2026-09-05T18:32:00.642 ui.20874   tui_handle_term_mode:226: TUI: terminal mode 69 unavailable, state 0
WRN 2026-09-05T18:32:00.642 ui.20874   tui_handle_term_mode:239: TUI: terminal mode 2026 detected, state 2
WRN 2026-09-05T18:32:00.642 ui.20874   tui_handle_term_mode:226: TUI: terminal mode 2027 unavailable, state 0
WRN 2026-09-05T18:32:00.642 ui.20874   tui_handle_term_mode:239: TUI: terminal mode 2031 detected, state 2
WRN 2026-09-05T18:32:00.642 ui.20874   tui_handle_term_mode:239: TUI: terminal mode 2048 detected, state 2
WRN 2026-09-05T18:32:17.099 ui.20998   tui_handle_term_mode:226: TUI: terminal mode 69 unavailable, state 0
WRN 2026-09-05T18:32:17.099 ui.20998   tui_handle_term_mode:239: TUI: terminal mode 2026 detected, state 2
WRN 2026-09-05T18:32:17.099 ui.20998   tui_handle_term_mode:226: TUI: terminal mode 2027 unavailable, state 0
WRN 2026-09-05T18:32:17.099 ui.20998   tui_handle_term_mode:239: TUI: terminal mode 2031 detected, state 2
WRN 2026-09-05T18:32:17.099 ui.20998   tui_handle_term_mode:239: TUI: terminal mode 2048 detected, state 2
WRN 2026-09-05T18:38:26.112 ui.23049   tui_handle_term_mode:226: TUI: terminal mode 69 unavailable, state 0
WRN 2026-09-05T18:38:26.112 ui.23049   tui_handle_term_mode:239: TUI: terminal mode 2026 detected, state 2
WRN 2026-09-05T18:38:26.112 ui.23049   tui_handle_term_mode:226: TUI: terminal mode 2027 unavailable, state 0
WRN 2026-09-05T18:38:26.112 ui.23049   tui_handle_term_mode:239: TUI: terminal mode 2031 detected, state 2
WRN 2026-09-05T18:38:26.112 ui.23049   tui_handle_term_mode:239: TUI: terminal mode 2048 detected, state 2
WRN 2026-09-05T18:44:01.579 ui.25162   tui_handle_term_mode:226: TUI: terminal mode 69 unavailable, state 0
WRN 2026-09-05T18:44:01.579 ui.25162   tui_handle_term_mode:239: TUI: terminal mode 2026 detected, state 2
WRN 2026-09-05T18:44:01.579 ui.25162   tui_handle_term_mode:226: TUI: terminal mode 2027 unavailable, state 0
WRN 2026-09-05T18:44:01.579 ui.25162   tui_handle_term_mode:239: TUI: terminal mode 2031 detected, state 2
WRN 2026-09-05T18:44:01.579 ui.25162   tui_handle_term_mode:239: TUI: terminal mode 2048 detected, state 2
WRN 2026-09-05T18:45:10.369 ui.25962   tui_handle_term_mode:226: TUI: terminal mode 69 unavailable, state 0
WRN 2026-09-05T18:45:10.369 ui.25962   tui_handle_term_mode:239: TUI: terminal mode 2026 detected, state 2
WRN 2026-09-05T18:45:10.369 ui.25962   tui_handle_term_mode:226: TUI: terminal mode 2027 unavailable, state 0
WRN 2026-09-05T18:45:10.369 ui.25962   tui_handle_term_mode:239: TUI: terminal mode 2031 detected, state 2
WRN 2026-09-05T18:45:10.369 ui.25962   tui_handle_term_mode:239: TUI: terminal mode 2048 detected, state 2
WRN 2026-09-05T18:45:37.649 ui.26431   tui_handle_term_mode:226: TUI: terminal mode 69 unavailable, state 0
WRN 2026-09-05T18:45:37.649 ui.26431   tui_handle_term_mode:239: TUI: terminal mode 2026 detected, state 2
WRN 2026-09-05T18:45:37.649 ui.26431   tui_handle_term_mode:226: TUI: terminal mode 2027 unavailable, state 0
WRN 2026-09-05T18:45:37.649 ui.26431   tui_handle_term_mode:239: TUI: terminal mode 2031 detected, state 2
WRN 2026-09-05T18:45:37.649 ui.26431   tui_handle_term_mode:239: TUI: terminal mode 2048 detected, state 2
WRN 2026-09-05T18:49:00.382 ui.27715   tui_handle_term_mode:226: TUI: terminal mode 69 unavailable, state 0
WRN 2026-09-05T18:49:00.382 ui.27715   tui_handle_term_mode:239: TUI: terminal mode 2026 detected, state 2
WRN 2026-09-05T18:49:00.382 ui.27715   tui_handle_term_mode:226: TUI: terminal mode 2027 unavailable, state 0
WRN 2026-09-05T18:49:00.382 ui.27715   tui_handle_term_mode:239: TUI: terminal mode 2031 detected, state 2
WRN 2026-09-05T18:49:00.382 ui.27715   tui_handle_term_mode:239: TUI: terminal mode 2048 detected, state 2
WRN 2026-09-05T18:52:33.740 ui.28999   tui_handle_term_mode:226: TUI: terminal mode 69 unavailable, state 0
WRN 2026-09-05T18:52:33.740 ui.28999   tui_handle_term_mode:239: TUI: terminal mode 2026 detected, state 2
WRN 2026-09-05T18:52:33.740 ui.28999   tui_handle_term_mode:226: TUI: terminal mode 2027 unavailable, state 0
WRN 2026-09-05T18:52:33.740 ui.28999   tui_handle_term_mode:239: TUI: terminal mode 2031 detected, state 2
WRN 2026-09-05T18:52:33.740 ui.28999   tui_handle_term_mode:239: TUI: terminal mode 2048 detected, state 2
WRN 2026-09-05T18:55:26.709 ui.29598   tui_handle_term_mode:226: TUI: terminal mode 69 unavailable, state 0
WRN 2026-09-05T18:55:26.709 ui.29598   tui_handle_term_mode:239: TUI: terminal mode 2026 detected, state 2
WRN 2026-09-05T18:55:26.709 ui.29598   tui_handle_term_mode:226: TUI: terminal mode 2027 unavailable, state 0
WRN 2026-09-05T18:55:26.709 ui.29598   tui_handle_term_mode:239: TUI: terminal mode 2031 detected, state 2
WRN 2026-09-05T18:55:26.709 ui.29598   tui_handle_term_mode:239: TUI: terminal mode 2048 detected, state 2
WRN 2026-09-05T19:08:37.204 ui.32698   tui_handle_term_mode:226: TUI: terminal mode 69 unavailable, state 0
WRN 2026-09-05T19:08:37.204 ui.32698   tui_handle_term_mode:239: TUI: terminal mode 2026 detected, state 2
WRN 2026-09-05T19:08:37.204 ui.32698   tui_handle_term_mode:226: TUI: terminal mode 2027 unavailable, state 0
WRN 2026-09-05T19:08:37.204 ui.32698   tui_handle_term_mode:239: TUI: terminal mode 2031 detected, state 2
WRN 2026-09-05T19:08:37.204 ui.32698   tui_handle_term_mode:239: TUI: terminal mode 2048 detected, state 2
WRN 2026-09-05T19:10:55.397 ui.33893   tui_handle_term_mode:226: TUI: terminal mode 69 unavailable, state 0
WRN 2026-09-05T19:10:55.397 ui.33893   tui_handle_term_mode:239: TUI: terminal mode 2026 detected, state 2
WRN 2026-09-05T19:10:55.397 ui.33893   tui_handle_term_mode:226: TUI: terminal mode 2027 unavailable, state 0
WRN 2026-09-05T19:10:55.397 ui.33893   tui_handle_term_mode:239: TUI: terminal mode 2031 detected, state 2
WRN 2026-09-05T19:10:55.397 ui.33893   tui_handle_term_mode:239: TUI: terminal mode 2048 detected, state 2
WRN 2026-09-06T07:52:16.219 ui.7467    tui_handle_term_mode:226: TUI: terminal mode 69 unavailable, state 0
WRN 2026-09-06T07:52:16.221 ui.7467    tui_handle_term_mode:239: TUI: terminal mode 2026 detected, state 2
WRN 2026-09-06T07:52:16.221 ui.7467    tui_handle_term_mode:226: TUI: terminal mode 2027 unavailable, state 0
WRN 2026-09-06T07:52:16.221 ui.7467    tui_handle_term_mode:239: TUI: terminal mode 2031 detected, state 2
WRN 2026-09-06T07:52:16.221 ui.7467    tui_handle_term_mode:239: TUI: terminal mode 2048 detected, state 2
WRN 2026-09-06T07:56:58.364 ui.8579    tui_handle_term_mode:226: TUI: terminal mode 69 unavailable, state 0
WRN 2026-09-06T07:56:58.364 ui.8579    tui_handle_term_mode:239: TUI: terminal mode 2026 detected, state 2
WRN 2026-09-06T07:56:58.364 ui.8579    tui_handle_term_mode:226: TUI: terminal mode 2027 unavailable, state 0
WRN 2026-09-06T07:56:58.364 ui.8579    tui_handle_term_mode:239: TUI: terminal mode 2031 detected, state 2
WRN 2026-09-06T07:56:58.364 ui.8579    tui_handle_term_mode:239: TUI: terminal mode 2048 detected, state 2
WRN 2026-09-06T08:01:08.096 ui.9789    tui_handle_term_mode:226: TUI: terminal mode 69 unavailable, state 0
WRN 2026-09-06T08:01:08.096 ui.9789    tui_handle_term_mode:239: TUI: terminal mode 2026 detected, state 2
WRN 2026-09-06T08:01:08.096 ui.9789    tui_handle_term_mode:226: TUI: terminal mode 2027 unavailable, state 0
WRN 2026-09-06T08:01:08.096 ui.9789    tui_handle_term_mode:239: TUI: terminal mode 2031 detected, state 2
WRN 2026-09-06T08:01:08.096 ui.9789    tui_handle_term_mode:239: TUI: terminal mode 2048 detected, state 2
WRN 2026-09-06T08:14:53.616 ui.12149   tui_handle_term_mode:226: TUI: terminal mode 69 unavailable, state 0
WRN 2026-09-06T08:14:53.616 ui.12149   tui_handle_term_mode:239: TUI: terminal mode 2026 detected, state 2
WRN 2026-09-06T08:14:53.616 ui.12149   tui_handle_term_mode:226: TUI: terminal mode 2027 unavailable, state 0
WRN 2026-09-06T08:14:53.616 ui.12149   tui_handle_term_mode:239: TUI: terminal mode 2031 detected, state 2
WRN 2026-09-06T08:14:53.616 ui.12149   tui_handle_term_mode:239: TUI: terminal mode 2048 detected, state 2
WRN 2026-09-06T08:15:13.976 ui.12234   tui_handle_term_mode:226: TUI: terminal mode 69 unavailable, state 0
WRN 2026-09-06T08:15:13.976 ui.12234   tui_handle_term_mode:239: TUI: terminal mode 2026 detected, state 2
WRN 2026-09-06T08:15:13.976 ui.12234   tui_handle_term_mode:226: TUI: terminal mode 2027 unavailable, state 0
WRN 2026-09-06T08:15:13.976 ui.12234   tui_handle_term_mode:239: TUI: terminal mode 2031 detected, state 2
WRN 2026-09-06T08:15:13.976 ui.12234   tui_handle_term_mode:239: TUI: terminal mode 2048 detected, state 2
WRN 2026-09-06T08:28:45.774 ui.15246   tui_handle_term_mode:226: TUI: terminal mode 69 unavailable, state 0
WRN 2026-09-06T08:28:45.774 ui.15246   tui_handle_term_mode:239: TUI: terminal mode 2026 detected, state 2
WRN 2026-09-06T08:28:45.774 ui.15246   tui_handle_term_mode:226: TUI: terminal mode 2027 unavailable, state 0
WRN 2026-09-06T08:28:45.774 ui.15246   tui_handle_term_mode:239: TUI: terminal mode 2031 detected, state 2
WRN 2026-09-06T08:28:45.774 ui.15246   tui_handle_term_mode:239: TUI: terminal mode 2048 detected, state 2
WRN 2026-09-06T08:29:58.044 ui.15649   tui_handle_term_mode:226: TUI: terminal mode 69 unavailable, state 0
WRN 2026-09-06T08:29:58.045 ui.15649   tui_handle_term_mode:239: TUI: terminal mode 2026 detected, state 2
WRN 2026-09-06T08:29:58.045 ui.15649   tui_handle_term_mode:226: TUI: terminal mode 2027 unavailable, state 0
WRN 2026-09-06T08:29:58.045 ui.15649   tui_handle_term_mode:239: TUI: terminal mode 2031 detected, state 2
WRN 2026-09-06T08:29:58.045 ui.15649   tui_handle_term_mode:239: TUI: terminal mode 2048 detected, state 2
WRN 2026-09-06T08:30:04.257 ui.15672   tui_handle_term_mode:226: TUI: terminal mode 69 unavailable, state 0
WRN 2026-09-06T08:30:04.257 ui.15672   tui_handle_term_mode:239: TUI: terminal mode 2026 detected, state 2
WRN 2026-09-06T08:30:04.257 ui.15672   tui_handle_term_mode:226: TUI: terminal mode 2027 unavailable, state 0
WRN 2026-09-06T08:30:04.257 ui.15672   tui_handle_term_mode:239: TUI: terminal mode 2031 detected, state 2
WRN 2026-09-06T08:30:04.257 ui.15672   tui_handle_term_mode:239: TUI: terminal mode 2048 detected, state 2
WRN 2026-09-06T08:32:20.228 ui.16066   tui_handle_term_mode:226: TUI: terminal mode 69 unavailable, state 0
WRN 2026-09-06T08:32:20.228 ui.16066   tui_handle_term_mode:239: TUI: terminal mode 2026 detected, state 2
WRN 2026-09-06T08:32:20.228 ui.16066   tui_handle_term_mode:226: TUI: terminal mode 2027 unavailable, state 0
WRN 2026-09-06T08:32:20.228 ui.16066   tui_handle_term_mode:239: TUI: terminal mode 2031 detected, state 2
WRN 2026-09-06T08:32:20.228 ui.16066   tui_handle_term_mode:239: TUI: terminal mode 2048 detected, state 2
WRN 2026-09-06T08:36:39.503 ui.17037   tui_handle_term_mode:226: TUI: terminal mode 69 unavailable, state 0
WRN 2026-09-06T08:36:39.503 ui.17037   tui_handle_term_mode:239: TUI: terminal mode 2026 detected, state 2
WRN 2026-09-06T08:36:39.503 ui.17037   tui_handle_term_mode:226: TUI: terminal mode 2027 unavailable, state 0
WRN 2026-09-06T08:36:39.503 ui.17037   tui_handle_term_mode:239: TUI: terminal mode 2031 detected, state 2
WRN 2026-09-06T08:36:39.503 ui.17037   tui_handle_term_mode:239: TUI: terminal mode 2048 detected, state 2
WRN 2026-09-06T08:42:50.448 ui.18454   tui_handle_term_mode:226: TUI: terminal mode 69 unavailable, state 0
WRN 2026-09-06T08:42:50.448 ui.18454   tui_handle_term_mode:239: TUI: terminal mode 2026 detected, state 2
WRN 2026-09-06T08:42:50.448 ui.18454   tui_handle_term_mode:226: TUI: terminal mode 2027 unavailable, state 0
WRN 2026-09-06T08:42:50.448 ui.18454   tui_handle_term_mode:239: TUI: terminal mode 2031 detected, state 2
WRN 2026-09-06T08:42:50.448 ui.18454   tui_handle_term_mode:239: TUI: terminal mode 2048 detected, state 2
WRN 2026-09-06T08:44:28.653 ui.19059   tui_handle_term_mode:226: TUI: terminal mode 69 unavailable, state 0
WRN 2026-09-06T08:44:28.653 ui.19059   tui_handle_term_mode:239: TUI: terminal mode 2026 detected, state 2
WRN 2026-09-06T08:44:28.653 ui.19059   tui_handle_term_mode:226: TUI: terminal mode 2027 unavailable, state 0
WRN 2026-09-06T08:44:28.653 ui.19059   tui_handle_term_mode:239: TUI: terminal mode 2031 detected, state 2
WRN 2026-09-06T08:44:28.653 ui.19059   tui_handle_term_mode:239: TUI: terminal mode 2048 detected, state 2
WRN 2026-09-06T08:44:33.956 ui.19088   tui_handle_term_mode:226: TUI: terminal mode 69 unavailable, state 0
WRN 2026-09-06T08:44:33.956 ui.19088   tui_handle_term_mode:239: TUI: terminal mode 2026 detected, state 2
WRN 2026-09-06T08:44:33.956 ui.19088   tui_handle_term_mode:226: TUI: terminal mode 2027 unavailable, state 0
WRN 2026-09-06T08:44:33.956 ui.19088   tui_handle_term_mode:239: TUI: terminal mode 2031 detected, state 2
WRN 2026-09-06T08:44:33.956 ui.19088   tui_handle_term_mode:239: TUI: terminal mode 2048 detected, state 2
WRN 2026-09-06T08:56:30.057 ui.23902   tui_handle_term_mode:226: TUI: terminal mode 69 unavailable, state 0
WRN 2026-09-06T08:56:30.057 ui.23902   tui_handle_term_mode:239: TUI: terminal mode 2026 detected, state 2
WRN 2026-09-06T08:56:30.057 ui.23902   tui_handle_term_mode:226: TUI: terminal mode 2027 unavailable, state 0
WRN 2026-09-06T08:56:30.057 ui.23902   tui_handle_term_mode:239: TUI: terminal mode 2031 detected, state 2
WRN 2026-09-06T08:56:30.057 ui.23902   tui_handle_term_mode:239: TUI: terminal mode 2048 detected, state 2
WRN 2026-09-06T09:14:52.389 ui.28809   tui_handle_term_mode:226: TUI: terminal mode 69 unavailable, state 0
WRN 2026-09-06T09:14:52.389 ui.28809   tui_handle_term_mode:239: TUI: terminal mode 2026 detected, state 2
WRN 2026-09-06T09:14:52.389 ui.28809   tui_handle_term_mode:226: TUI: terminal mode 2027 unavailable, state 0
WRN 2026-09-06T09:14:52.389 ui.28809   tui_handle_term_mode:239: TUI: terminal mode 2031 detected, state 2
WRN 2026-09-06T09:14:52.389 ui.28809   tui_handle_term_mode:239: TUI: terminal mode 2048 detected, state 2
WRN 2026-09-06T12:42:43.166 ui.11990   tui_handle_term_mode:226: TUI: terminal mode 69 unavailable, state 0
WRN 2026-09-06T12:42:43.169 ui.11990   tui_handle_term_mode:239: TUI: terminal mode 2026 detected, state 2
WRN 2026-09-06T12:42:43.169 ui.11990   tui_handle_term_mode:226: TUI: terminal mode 2027 unavailable, state 0
WRN 2026-09-06T12:42:43.169 ui.11990   tui_handle_term_mode:239: TUI: terminal mode 2031 detected, state 2
WRN 2026-09-06T12:42:43.169 ui.11990   tui_handle_term_mode:239: TUI: terminal mode 2048 detected, state 2
WRN 2026-09-06T12:42:56.370 ui.12031   tui_handle_term_mode:226: TUI: terminal mode 69 unavailable, state 0
WRN 2026-09-06T12:42:56.370 ui.12031   tui_handle_term_mode:239: TUI: terminal mode 2026 detected, state 2
WRN 2026-09-06T12:42:56.370 ui.12031   tui_handle_term_mode:226: TUI: terminal mode 2027 unavailable, state 0
WRN 2026-09-06T12:42:56.370 ui.12031   tui_handle_term_mode:239: TUI: terminal mode 2031 detected, state 2
WRN 2026-09-06T12:42:56.370 ui.12031   tui_handle_term_mode:239: TUI: terminal mode 2048 detected, state 2
WRN 2026-09-06T12:47:10.110 ui.14486   tui_handle_term_mode:226: TUI: terminal mode 69 unavailable, state 0
WRN 2026-09-06T12:47:10.110 ui.14486   tui_handle_term_mode:239: TUI: terminal mode 2026 detected, state 2
WRN 2026-09-06T12:47:10.110 ui.14486   tui_handle_term_mode:226: TUI: terminal mode 2027 unavailable, state 0
WRN 2026-09-06T12:47:10.110 ui.14486   tui_handle_term_mode:239: TUI: terminal mode 2031 detected, state 2
WRN 2026-09-06T12:47:10.110 ui.14486   tui_handle_term_mode:239: TUI: terminal mode 2048 detected, state 2
WRN 2026-09-06T12:47:32.174 ui.14553   tui_handle_term_mode:226: TUI: terminal mode 69 unavailable, state 0
WRN 2026-09-06T12:47:32.174 ui.14553   tui_handle_term_mode:239: TUI: terminal mode 2026 detected, state 2
WRN 2026-09-06T12:47:32.174 ui.14553   tui_handle_term_mode:226: TUI: terminal mode 2027 unavailable, state 0
WRN 2026-09-06T12:47:32.174 ui.14553   tui_handle_term_mode:239: TUI: terminal mode 2031 detected, state 2
WRN 2026-09-06T12:47:32.174 ui.14553   tui_handle_term_mode:239: TUI: terminal mode 2048 detected, state 2
WRN 2026-09-06T12:47:57.983 ui.14654   tui_handle_term_mode:226: TUI: terminal mode 69 unavailable, state 0
WRN 2026-09-06T12:47:57.983 ui.14654   tui_handle_term_mode:239: TUI: terminal mode 2026 detected, state 2
WRN 2026-09-06T12:47:57.983 ui.14654   tui_handle_term_mode:226: TUI: terminal mode 2027 unavailable, state 0
WRN 2026-09-06T12:47:57.983 ui.14654   tui_handle_term_mode:239: TUI: terminal mode 2031 detected, state 2
WRN 2026-09-06T12:47:57.983 ui.14654   tui_handle_term_mode:239: TUI: terminal mode 2048 detected, state 2
WRN 2026-09-06T12:48:02.750 ui.14676   tui_handle_term_mode:226: TUI: terminal mode 69 unavailable, state 0
WRN 2026-09-06T12:48:02.750 ui.14676   tui_handle_term_mode:239: TUI: terminal mode 2026 detected, state 2
WRN 2026-09-06T12:48:02.750 ui.14676   tui_handle_term_mode:226: TUI: terminal mode 2027 unavailable, state 0
WRN 2026-09-06T12:48:02.750 ui.14676   tui_handle_term_mode:239: TUI: terminal mode 2031 detected, state 2
WRN 2026-09-06T12:48:02.750 ui.14676   tui_handle_term_mode:239: TUI: terminal mode 2048 detected, state 2
WRN 2026-09-06T12:48:21.265 ui.14727   tui_handle_term_mode:226: TUI: terminal mode 69 unavailable, state 0
WRN 2026-09-06T12:48:21.265 ui.14727   tui_handle_term_mode:239: TUI: terminal mode 2026 detected, state 2
WRN 2026-09-06T12:48:21.265 ui.14727   tui_handle_term_mode:226: TUI: terminal mode 2027 unavailable, state 0
WRN 2026-09-06T12:48:21.265 ui.14727   tui_handle_term_mode:239: TUI: terminal mode 2031 detected, state 2
WRN 2026-09-06T12:48:21.265 ui.14727   tui_handle_term_mode:239: TUI: terminal mode 2048 detected, state 2
WRN 2026-09-06T12:48:49.888 ui.14859   tui_handle_term_mode:226: TUI: terminal mode 69 unavailable, state 0
WRN 2026-09-06T12:48:49.888 ui.14859   tui_handle_term_mode:239: TUI: terminal mode 2026 detected, state 2
WRN 2026-09-06T12:48:49.888 ui.14859   tui_handle_term_mode:226: TUI: terminal mode 2027 unavailable, state 0
WRN 2026-09-06T12:48:49.888 ui.14859   tui_handle_term_mode:239: TUI: terminal mode 2031 detected, state 2
WRN 2026-09-06T12:48:49.888 ui.14859   tui_handle_term_mode:239: TUI: terminal mode 2048 detected, state 2
WRN 2026-09-06T12:48:54.160 ui.14881   tui_handle_term_mode:226: TUI: terminal mode 69 unavailable, state 0
WRN 2026-09-06T12:48:54.160 ui.14881   tui_handle_term_mode:239: TUI: terminal mode 2026 detected, state 2
WRN 2026-09-06T12:48:54.160 ui.14881   tui_handle_term_mode:226: TUI: terminal mode 2027 unavailable, state 0
WRN 2026-09-06T12:48:54.160 ui.14881   tui_handle_term_mode:239: TUI: terminal mode 2031 detected, state 2
WRN 2026-09-06T12:48:54.160 ui.14881   tui_handle_term_mode:239: TUI: terminal mode 2048 detected, state 2
WRN 2026-09-06T12:49:20.496 ui.15009   tui_handle_term_mode:226: TUI: terminal mode 69 unavailable, state 0
WRN 2026-09-06T12:49:20.496 ui.15009   tui_handle_term_mode:239: TUI: terminal mode 2026 detected, state 2
WRN 2026-09-06T12:49:20.496 ui.15009   tui_handle_term_mode:226: TUI: terminal mode 2027 unavailable, state 0
WRN 2026-09-06T12:49:20.496 ui.15009   tui_handle_term_mode:239: TUI: terminal mode 2031 detected, state 2
WRN 2026-09-06T12:49:20.496 ui.15009   tui_handle_term_mode:239: TUI: terminal mode 2048 detected, state 2
WRN 2026-09-06T12:49:48.657 ui.15092   tui_handle_term_mode:226: TUI: terminal mode 69 unavailable, state 0
WRN 2026-09-06T12:49:48.657 ui.15092   tui_handle_term_mode:239: TUI: terminal mode 2026 detected, state 2
WRN 2026-09-06T12:49:48.657 ui.15092   tui_handle_term_mode:226: TUI: terminal mode 2027 unavailable, state 0
WRN 2026-09-06T12:49:48.657 ui.15092   tui_handle_term_mode:239: TUI: terminal mode 2031 detected, state 2
WRN 2026-09-06T12:49:48.657 ui.15092   tui_handle_term_mode:239: TUI: terminal mode 2048 detected, state 2
WRN 2026-09-06T12:50:00.561 ui.15130   tui_handle_term_mode:226: TUI: terminal mode 69 unavailable, state 0
WRN 2026-09-06T12:50:00.561 ui.15130   tui_handle_term_mode:239: TUI: terminal mode 2026 detected, state 2
WRN 2026-09-06T12:50:00.561 ui.15130   tui_handle_term_mode:226: TUI: terminal mode 2027 unavailable, state 0
WRN 2026-09-06T12:50:00.561 ui.15130   tui_handle_term_mode:239: TUI: terminal mode 2031 detected, state 2
WRN 2026-09-06T12:50:00.561 ui.15130   tui_handle_term_mode:239: TUI: terminal mode 2048 detected, state 2
WRN 2026-09-06T12:50:09.104 ui.15161   tui_handle_term_mode:226: TUI: terminal mode 69 unavailable, state 0
WRN 2026-09-06T12:50:09.104 ui.15161   tui_handle_term_mode:239: TUI: terminal mode 2026 detected, state 2
WRN 2026-09-06T12:50:09.104 ui.15161   tui_handle_term_mode:226: TUI: terminal mode 2027 unavailable, state 0
WRN 2026-09-06T12:50:09.104 ui.15161   tui_handle_term_mode:239: TUI: terminal mode 2031 detected, state 2
WRN 2026-09-06T12:50:09.104 ui.15161   tui_handle_term_mode:239: TUI: terminal mode 2048 detected, state 2
WRN 2026-09-06T12:50:58.384 ui.15487   tui_handle_term_mode:226: TUI: terminal mode 69 unavailable, state 0
WRN 2026-09-06T12:50:58.384 ui.15487   tui_handle_term_mode:239: TUI: terminal mode 2026 detected, state 2
WRN 2026-09-06T12:50:58.384 ui.15487   tui_handle_term_mode:226: TUI: terminal mode 2027 unavailable, state 0
WRN 2026-09-06T12:50:58.384 ui.15487   tui_handle_term_mode:239: TUI: terminal mode 2031 detected, state 2
WRN 2026-09-06T12:50:58.384 ui.15487   tui_handle_term_mode:239: TUI: terminal mode 2048 detected, state 2
WRN 2026-09-06T12:55:38.226 ui.16781   tui_handle_term_mode:226: TUI: terminal mode 69 unavailable, state 0
WRN 2026-09-06T12:55:38.226 ui.16781   tui_handle_term_mode:239: TUI: terminal mode 2026 detected, state 2
WRN 2026-09-06T12:55:38.226 ui.16781   tui_handle_term_mode:226: TUI: terminal mode 2027 unavailable, state 0
WRN 2026-09-06T12:55:38.226 ui.16781   tui_handle_term_mode:239: TUI: terminal mode 2031 detected, state 2
WRN 2026-09-06T12:55:38.226 ui.16781   tui_handle_term_mode:239: TUI: terminal mode 2048 detected, state 2
WRN 2026-09-06T12:56:16.825 ui.16940   tui_handle_term_mode:226: TUI: terminal mode 69 unavailable, state 0
WRN 2026-09-06T12:56:16.825 ui.16940   tui_handle_term_mode:239: TUI: terminal mode 2026 detected, state 2
WRN 2026-09-06T12:56:16.825 ui.16940   tui_handle_term_mode:226: TUI: terminal mode 2027 unavailable, state 0
WRN 2026-09-06T12:56:16.825 ui.16940   tui_handle_term_mode:239: TUI: terminal mode 2031 detected, state 2
WRN 2026-09-06T12:56:16.825 ui.16940   tui_handle_term_mode:239: TUI: terminal mode 2048 detected, state 2
WRN 2026-09-06T12:56:41.948 ui.17080   tui_handle_term_mode:226: TUI: terminal mode 69 unavailable, state 0
WRN 2026-09-06T12:56:41.948 ui.17080   tui_handle_term_mode:239: TUI: terminal mode 2026 detected, state 2
WRN 2026-09-06T12:56:41.948 ui.17080   tui_handle_term_mode:226: TUI: terminal mode 2027 unavailable, state 0
WRN 2026-09-06T12:56:41.948 ui.17080   tui_handle_term_mode:239: TUI: terminal mode 2031 detected, state 2
WRN 2026-09-06T12:56:41.948 ui.17080   tui_handle_term_mode:239: TUI: terminal mode 2048 detected, state 2
WRN 2026-09-06T12:58:59.970 ui.17613   tui_handle_term_mode:226: TUI: terminal mode 69 unavailable, state 0
WRN 2026-09-06T12:58:59.970 ui.17613   tui_handle_term_mode:239: TUI: terminal mode 2026 detected, state 2
WRN 2026-09-06T12:58:59.970 ui.17613   tui_handle_term_mode:226: TUI: terminal mode 2027 unavailable, state 0
WRN 2026-09-06T12:58:59.970 ui.17613   tui_handle_term_mode:239: TUI: terminal mode 2031 detected, state 2
WRN 2026-09-06T12:58:59.970 ui.17613   tui_handle_term_mode:239: TUI: terminal mode 2048 detected, state 2
WRN 2026-09-06T12:59:07.898 ui.17646   tui_handle_term_mode:226: TUI: terminal mode 69 unavailable, state 0
WRN 2026-09-06T12:59:07.898 ui.17646   tui_handle_term_mode:239: TUI: terminal mode 2026 detected, state 2
WRN 2026-09-06T12:59:07.898 ui.17646   tui_handle_term_mode:226: TUI: terminal mode 2027 unavailable, state 0
WRN 2026-09-06T12:59:07.898 ui.17646   tui_handle_term_mode:239: TUI: terminal mode 2031 detected, state 2
WRN 2026-09-06T12:59:07.898 ui.17646   tui_handle_term_mode:239: TUI: terminal mode 2048 detected, state 2
WRN 2026-09-06T13:00:01.027 ui.17799   tui_handle_term_mode:226: TUI: terminal mode 69 unavailable, state 0
WRN 2026-09-06T13:00:01.027 ui.17799   tui_handle_term_mode:239: TUI: terminal mode 2026 detected, state 2
WRN 2026-09-06T13:00:01.027 ui.17799   tui_handle_term_mode:226: TUI: terminal mode 2027 unavailable, state 0
WRN 2026-09-06T13:00:01.027 ui.17799   tui_handle_term_mode:239: TUI: terminal mode 2031 detected, state 2
WRN 2026-09-06T13:00:01.027 ui.17799   tui_handle_term_mode:239: TUI: terminal mode 2048 detected, state 2
WRN 2026-09-06T13:03:09.800 ui.18248   tui_handle_term_mode:226: TUI: terminal mode 69 unavailable, state 0
WRN 2026-09-06T13:03:09.800 ui.18248   tui_handle_term_mode:239: TUI: terminal mode 2026 detected, state 2
WRN 2026-09-06T13:03:09.800 ui.18248   tui_handle_term_mode:226: TUI: terminal mode 2027 unavailable, state 0
WRN 2026-09-06T13:03:09.800 ui.18248   tui_handle_term_mode:239: TUI: terminal mode 2031 detected, state 2
WRN 2026-09-06T13:03:09.800 ui.18248   tui_handle_term_mode:239: TUI: terminal mode 2048 detected, state 2
WRN 2026-09-06T13:04:28.206 ui.18797   tui_handle_term_mode:226: TUI: terminal mode 69 unavailable, state 0
WRN 2026-09-06T13:04:28.206 ui.18797   tui_handle_term_mode:239: TUI: terminal mode 2026 detected, state 2
WRN 2026-09-06T13:04:28.206 ui.18797   tui_handle_term_mode:226: TUI: terminal mode 2027 unavailable, state 0
WRN 2026-09-06T13:04:28.206 ui.18797   tui_handle_term_mode:239: TUI: terminal mode 2031 detected, state 2
WRN 2026-09-06T13:04:28.206 ui.18797   tui_handle_term_mode:239: TUI: terminal mode 2048 detected, state 2
WRN 2026-09-06T13:05:00.408 ui.18889   tui_handle_term_mode:226: TUI: terminal mode 69 unavailable, state 0
WRN 2026-09-06T13:05:00.408 ui.18889   tui_handle_term_mode:239: TUI: terminal mode 2026 detected, state 2
WRN 2026-09-06T13:05:00.408 ui.18889   tui_handle_term_mode:226: TUI: terminal mode 2027 unavailable, state 0
WRN 2026-09-06T13:05:00.408 ui.18889   tui_handle_term_mode:239: TUI: terminal mode 2031 detected, state 2
WRN 2026-09-06T13:05:00.408 ui.18889   tui_handle_term_mode:239: TUI: terminal mode 2048 detected, state 2
WRN 2026-09-06T13:05:08.762 ui.18926   tui_handle_term_mode:226: TUI: terminal mode 69 unavailable, state 0
WRN 2026-09-06T13:05:08.762 ui.18926   tui_handle_term_mode:239: TUI: terminal mode 2026 detected, state 2
WRN 2026-09-06T13:05:08.762 ui.18926   tui_handle_term_mode:226: TUI: terminal mode 2027 unavailable, state 0
WRN 2026-09-06T13:05:08.762 ui.18926   tui_handle_term_mode:239: TUI: terminal mode 2031 detected, state 2
WRN 2026-09-06T13:05:08.762 ui.18926   tui_handle_term_mode:239: TUI: terminal mode 2048 detected, state 2
WRN 2026-09-06T13:05:20.446 ui.18974   tui_handle_term_mode:226: TUI: terminal mode 69 unavailable, state 0
WRN 2026-09-06T13:05:20.446 ui.18974   tui_handle_term_mode:239: TUI: terminal mode 2026 detected, state 2
WRN 2026-09-06T13:05:20.446 ui.18974   tui_handle_term_mode:226: TUI: terminal mode 2027 unavailable, state 0
WRN 2026-09-06T13:05:20.446 ui.18974   tui_handle_term_mode:239: TUI: terminal mode 2031 detected, state 2
WRN 2026-09-06T13:05:20.446 ui.18974   tui_handle_term_mode:239: TUI: terminal mode 2048 detected, state 2
WRN 2026-09-06T13:05:25.167 ui.19009   tui_handle_term_mode:226: TUI: terminal mode 69 unavailable, state 0
WRN 2026-09-06T13:05:25.167 ui.19009   tui_handle_term_mode:239: TUI: terminal mode 2026 detected, state 2
WRN 2026-09-06T13:05:25.167 ui.19009   tui_handle_term_mode:226: TUI: terminal mode 2027 unavailable, state 0
WRN 2026-09-06T13:05:25.167 ui.19009   tui_handle_term_mode:239: TUI: terminal mode 2031 detected, state 2
WRN 2026-09-06T13:05:25.167 ui.19009   tui_handle_term_mode:239: TUI: terminal mode 2048 detected, state 2
WRN 2026-09-06T13:06:06.903 ui.19129   tui_handle_term_mode:226: TUI: terminal mode 69 unavailable, state 0
WRN 2026-09-06T13:06:06.903 ui.19129   tui_handle_term_mode:239: TUI: terminal mode 2026 detected, state 2
WRN 2026-09-06T13:06:06.903 ui.19129   tui_handle_term_mode:226: TUI: terminal mode 2027 unavailable, state 0
WRN 2026-09-06T13:06:06.903 ui.19129   tui_handle_term_mode:239: TUI: terminal mode 2031 detected, state 2
WRN 2026-09-06T13:06:06.903 ui.19129   tui_handle_term_mode:239: TUI: terminal mode 2048 detected, state 2
WRN 2026-09-06T13:06:10.194 ui.19159   tui_handle_term_mode:226: TUI: terminal mode 69 unavailable, state 0
WRN 2026-09-06T13:06:10.195 ui.19159   tui_handle_term_mode:239: TUI: terminal mode 2026 detected, state 2
WRN 2026-09-06T13:06:10.195 ui.19159   tui_handle_term_mode:226: TUI: terminal mode 2027 unavailable, state 0
WRN 2026-09-06T13:06:10.195 ui.19159   tui_handle_term_mode:239: TUI: terminal mode 2031 detected, state 2
WRN 2026-09-06T13:06:10.195 ui.19159   tui_handle_term_mode:239: TUI: terminal mode 2048 detected, state 2
WRN 2026-09-06T13:07:14.289 ui.19333   tui_handle_term_mode:226: TUI: terminal mode 69 unavailable, state 0
WRN 2026-09-06T13:07:14.289 ui.19333   tui_handle_term_mode:239: TUI: terminal mode 2026 detected, state 2
WRN 2026-09-06T13:07:14.289 ui.19333   tui_handle_term_mode:226: TUI: terminal mode 2027 unavailable, state 0
WRN 2026-09-06T13:07:14.289 ui.19333   tui_handle_term_mode:239: TUI: terminal mode 2031 detected, state 2
WRN 2026-09-06T13:07:14.289 ui.19333   tui_handle_term_mode:239: TUI: terminal mode 2048 detected, state 2
WRN 2026-09-06T13:07:18.635 ui.19463   tui_handle_term_mode:226: TUI: terminal mode 69 unavailable, state 0
WRN 2026-09-06T13:07:18.635 ui.19463   tui_handle_term_mode:239: TUI: terminal mode 2026 detected, state 2
WRN 2026-09-06T13:07:18.635 ui.19463   tui_handle_term_mode:226: TUI: terminal mode 2027 unavailable, state 0
WRN 2026-09-06T13:07:18.635 ui.19463   tui_handle_term_mode:239: TUI: terminal mode 2031 detected, state 2
WRN 2026-09-06T13:07:18.635 ui.19463   tui_handle_term_mode:239: TUI: terminal mode 2048 detected, state 2
WRN 2026-09-06T13:07:40.705 ui.19535   tui_handle_term_mode:226: TUI: terminal mode 69 unavailable, state 0
WRN 2026-09-06T13:07:40.705 ui.19535   tui_handle_term_mode:239: TUI: terminal mode 2026 detected, state 2
WRN 2026-09-06T13:07:40.705 ui.19535   tui_handle_term_mode:226: TUI: terminal mode 2027 unavailable, state 0
WRN 2026-09-06T13:07:40.705 ui.19535   tui_handle_term_mode:239: TUI: terminal mode 2031 detected, state 2
WRN 2026-09-06T13:07:40.705 ui.19535   tui_handle_term_mode:239: TUI: terminal mode 2048 detected, state 2
WRN 2026-09-06T13:08:21.905 ui.19846   tui_handle_term_mode:226: TUI: terminal mode 69 unavailable, state 0
WRN 2026-09-06T13:08:21.905 ui.19846   tui_handle_term_mode:239: TUI: terminal mode 2026 detected, state 2
WRN 2026-09-06T13:08:21.905 ui.19846   tui_handle_term_mode:226: TUI: terminal mode 2027 unavailable, state 0
WRN 2026-09-06T13:08:21.905 ui.19846   tui_handle_term_mode:239: TUI: terminal mode 2031 detected, state 2
WRN 2026-09-06T13:08:21.905 ui.19846   tui_handle_term_mode:239: TUI: terminal mode 2048 detected, state 2
WRN 2026-09-06T13:08:43.598 ui.20078   tui_handle_term_mode:226: TUI: terminal mode 69 unavailable, state 0
WRN 2026-09-06T13:08:43.598 ui.20078   tui_handle_term_mode:239: TUI: terminal mode 2026 detected, state 2
WRN 2026-09-06T13:08:43.598 ui.20078   tui_handle_term_mode:226: TUI: terminal mode 2027 unavailable, state 0
WRN 2026-09-06T13:08:43.598 ui.20078   tui_handle_term_mode:239: TUI: terminal mode 2031 detected, state 2
WRN 2026-09-06T13:08:43.598 ui.20078   tui_handle_term_mode:239: TUI: terminal mode 2048 detected, state 2
WRN 2026-09-06T13:09:08.333 ui.20196   tui_handle_term_mode:226: TUI: terminal mode 69 unavailable, state 0
WRN 2026-09-06T13:09:08.333 ui.20196   tui_handle_term_mode:239: TUI: terminal mode 2026 detected, state 2
WRN 2026-09-06T13:09:08.333 ui.20196   tui_handle_term_mode:226: TUI: terminal mode 2027 unavailable, state 0
WRN 2026-09-06T13:09:08.333 ui.20196   tui_handle_term_mode:239: TUI: terminal mode 2031 detected, state 2
WRN 2026-09-06T13:09:08.333 ui.20196   tui_handle_term_mode:239: TUI: terminal mode 2048 detected, state 2
WRN 2026-09-06T13:09:13.924 ui.20222   tui_handle_term_mode:226: TUI: terminal mode 69 unavailable, state 0
WRN 2026-09-06T13:09:13.924 ui.20222   tui_handle_term_mode:239: TUI: terminal mode 2026 detected, state 2
WRN 2026-09-06T13:09:13.924 ui.20222   tui_handle_term_mode:226: TUI: terminal mode 2027 unavailable, state 0
WRN 2026-09-06T13:09:13.924 ui.20222   tui_handle_term_mode:239: TUI: terminal mode 2031 detected, state 2
WRN 2026-09-06T13:09:13.924 ui.20222   tui_handle_term_mode:239: TUI: terminal mode 2048 detected, state 2
WRN 2026-09-06T13:10:32.748 ui.20636   tui_handle_term_mode:226: TUI: terminal mode 69 unavailable, state 0
WRN 2026-09-06T13:10:32.748 ui.20636   tui_handle_term_mode:239: TUI: terminal mode 2026 detected, state 2
WRN 2026-09-06T13:10:32.748 ui.20636   tui_handle_term_mode:226: TUI: terminal mode 2027 unavailable, state 0
WRN 2026-09-06T13:10:32.748 ui.20636   tui_handle_term_mode:239: TUI: terminal mode 2031 detected, state 2
WRN 2026-09-06T13:10:32.748 ui.20636   tui_handle_term_mode:239: TUI: terminal mode 2048 detected, state 2
WRN 2026-09-06T13:10:52.250 ui.20871   tui_handle_term_mode:226: TUI: terminal mode 69 unavailable, state 0
WRN 2026-09-06T13:10:52.250 ui.20871   tui_handle_term_mode:239: TUI: terminal mode 2026 detected, state 2
WRN 2026-09-06T13:10:52.250 ui.20871   tui_handle_term_mode:226: TUI: terminal mode 2027 unavailable, state 0
WRN 2026-09-06T13:10:52.250 ui.20871   tui_handle_term_mode:239: TUI: terminal mode 2031 detected, state 2
WRN 2026-09-06T13:10:52.250 ui.20871   tui_handle_term_mode:239: TUI: terminal mode 2048 detected, state 2
WRN 2026-09-06T13:11:29.073 ui.21932   tui_handle_term_mode:226: TUI: terminal mode 69 unavailable, state 0
WRN 2026-09-06T13:11:29.073 ui.21932   tui_handle_term_mode:239: TUI: terminal mode 2026 detected, state 2
WRN 2026-09-06T13:11:29.073 ui.21932   tui_handle_term_mode:226: TUI: terminal mode 2027 unavailable, state 0
WRN 2026-09-06T13:11:29.073 ui.21932   tui_handle_term_mode:239: TUI: terminal mode 2031 detected, state 2
WRN 2026-09-06T13:11:29.073 ui.21932   tui_handle_term_mode:239: TUI: terminal mode 2048 detected, state 2
WRN 2026-09-06T13:12:12.135 ui.22053   tui_handle_term_mode:226: TUI: terminal mode 69 unavailable, state 0
WRN 2026-09-06T13:12:12.135 ui.22053   tui_handle_term_mode:239: TUI: terminal mode 2026 detected, state 2
WRN 2026-09-06T13:12:12.135 ui.22053   tui_handle_term_mode:226: TUI: terminal mode 2027 unavailable, state 0
WRN 2026-09-06T13:12:12.135 ui.22053   tui_handle_term_mode:239: TUI: terminal mode 2031 detected, state 2
WRN 2026-09-06T13:12:12.135 ui.22053   tui_handle_term_mode:239: TUI: terminal mode 2048 detected, state 2
WRN 2026-09-06T13:14:28.810 ui.22452   tui_handle_term_mode:226: TUI: terminal mode 69 unavailable, state 0
WRN 2026-09-06T13:14:28.810 ui.22452   tui_handle_term_mode:239: TUI: terminal mode 2026 detected, state 2
WRN 2026-09-06T13:14:28.810 ui.22452   tui_handle_term_mode:226: TUI: terminal mode 2027 unavailable, state 0
WRN 2026-09-06T13:14:28.810 ui.22452   tui_handle_term_mode:239: TUI: terminal mode 2031 detected, state 2
WRN 2026-09-06T13:14:28.810 ui.22452   tui_handle_term_mode:239: TUI: terminal mode 2048 detected, state 2
WRN 2026-09-06T13:14:42.853 ui.22496   tui_handle_term_mode:226: TUI: terminal mode 69 unavailable, state 0
WRN 2026-09-06T13:14:42.853 ui.22496   tui_handle_term_mode:239: TUI: terminal mode 2026 detected, state 2
WRN 2026-09-06T13:14:42.853 ui.22496   tui_handle_term_mode:226: TUI: terminal mode 2027 unavailable, state 0
WRN 2026-09-06T13:14:42.853 ui.22496   tui_handle_term_mode:239: TUI: terminal mode 2031 detected, state 2
WRN 2026-09-06T13:14:42.853 ui.22496   tui_handle_term_mode:239: TUI: terminal mode 2048 detected, state 2
WRN 2026-09-06T13:15:22.186 ui.22773   tui_handle_term_mode:226: TUI: terminal mode 69 unavailable, state 0
WRN 2026-09-06T13:15:22.186 ui.22773   tui_handle_term_mode:239: TUI: terminal mode 2026 detected, state 2
WRN 2026-09-06T13:15:22.186 ui.22773   tui_handle_term_mode:226: TUI: terminal mode 2027 unavailable, state 0
WRN 2026-09-06T13:15:22.186 ui.22773   tui_handle_term_mode:239: TUI: terminal mode 2031 detected, state 2
WRN 2026-09-06T13:15:22.186 ui.22773   tui_handle_term_mode:239: TUI: terminal mode 2048 detected, state 2
WRN 2026-09-06T13:15:59.796 ui.22925   tui_handle_term_mode:226: TUI: terminal mode 69 unavailable, state 0
WRN 2026-09-06T13:15:59.796 ui.22925   tui_handle_term_mode:239: TUI: terminal mode 2026 detected, state 2
WRN 2026-09-06T13:15:59.796 ui.22925   tui_handle_term_mode:226: TUI: terminal mode 2027 unavailable, state 0
WRN 2026-09-06T13:15:59.796 ui.22925   tui_handle_term_mode:239: TUI: terminal mode 2031 detected, state 2
WRN 2026-09-06T13:15:59.796 ui.22925   tui_handle_term_mode:239: TUI: terminal mode 2048 detected, state 2
WRN 2026-09-06T13:17:09.125 ui.23177   tui_handle_term_mode:226: TUI: terminal mode 69 unavailable, state 0
WRN 2026-09-06T13:17:09.125 ui.23177   tui_handle_term_mode:239: TUI: terminal mode 2026 detected, state 2
WRN 2026-09-06T13:17:09.125 ui.23177   tui_handle_term_mode:226: TUI: terminal mode 2027 unavailable, state 0
WRN 2026-09-06T13:17:09.125 ui.23177   tui_handle_term_mode:239: TUI: terminal mode 2031 detected, state 2
WRN 2026-09-06T13:17:09.125 ui.23177   tui_handle_term_mode:239: TUI: terminal mode 2048 detected, state 2
WRN 2026-09-06T13:21:27.715 ui.23972   tui_handle_term_mode:226: TUI: terminal mode 69 unavailable, state 0
WRN 2026-09-06T13:21:27.715 ui.23972   tui_handle_term_mode:239: TUI: terminal mode 2026 detected, state 2
WRN 2026-09-06T13:21:27.715 ui.23972   tui_handle_term_mode:226: TUI: terminal mode 2027 unavailable, state 0
WRN 2026-09-06T13:21:27.715 ui.23972   tui_handle_term_mode:239: TUI: terminal mode 2031 detected, state 2
WRN 2026-09-06T13:21:27.715 ui.23972   tui_handle_term_mode:239: TUI: terminal mode 2048 detected, state 2
WRN 2026-09-06T13:22:11.074 ui.24133   tui_handle_term_mode:226: TUI: terminal mode 69 unavailable, state 0
WRN 2026-09-06T13:22:11.074 ui.24133   tui_handle_term_mode:239: TUI: terminal mode 2026 detected, state 2
WRN 2026-09-06T13:22:11.074 ui.24133   tui_handle_term_mode:226: TUI: terminal mode 2027 unavailable, state 0
WRN 2026-09-06T13:22:11.074 ui.24133   tui_handle_term_mode:239: TUI: terminal mode 2031 detected, state 2
WRN 2026-09-06T13:22:11.074 ui.24133   tui_handle_term_mode:239: TUI: terminal mode 2048 detected, state 2
WRN 2026-09-06T13:23:58.346 ui.24407   tui_handle_term_mode:226: TUI: terminal mode 69 unavailable, state 0
WRN 2026-09-06T13:23:58.346 ui.24407   tui_handle_term_mode:239: TUI: terminal mode 2026 detected, state 2
WRN 2026-09-06T13:23:58.346 ui.24407   tui_handle_term_mode:226: TUI: terminal mode 2027 unavailable, state 0
WRN 2026-09-06T13:23:58.346 ui.24407   tui_handle_term_mode:239: TUI: terminal mode 2031 detected, state 2
WRN 2026-09-06T13:23:58.346 ui.24407   tui_handle_term_mode:239: TUI: terminal mode 2048 detected, state 2
WRN 2026-09-06T13:28:08.261 ui.26091   tui_handle_term_mode:226: TUI: terminal mode 69 unavailable, state 0
WRN 2026-09-06T13:28:08.261 ui.26091   tui_handle_term_mode:239: TUI: terminal mode 2026 detected, state 2
WRN 2026-09-06T13:28:08.261 ui.26091   tui_handle_term_mode:226: TUI: terminal mode 2027 unavailable, state 0
WRN 2026-09-06T13:28:08.261 ui.26091   tui_handle_term_mode:239: TUI: terminal mode 2031 detected, state 2
WRN 2026-09-06T13:28:08.261 ui.26091   tui_handle_term_mode:239: TUI: terminal mode 2048 detected, state 2
WRN 2026-09-06T13:30:14.088 ui.26644   tui_handle_term_mode:226: TUI: terminal mode 69 unavailable, state 0
WRN 2026-09-06T13:30:14.088 ui.26644   tui_handle_term_mode:239: TUI: terminal mode 2026 detected, state 2
WRN 2026-09-06T13:30:14.088 ui.26644   tui_handle_term_mode:226: TUI: terminal mode 2027 unavailable, state 0
WRN 2026-09-06T13:30:14.088 ui.26644   tui_handle_term_mode:239: TUI: terminal mode 2031 detected, state 2
WRN 2026-09-06T13:30:14.088 ui.26644   tui_handle_term_mode:239: TUI: terminal mode 2048 detected, state 2
WRN 2026-09-06T13:32:03.929 ui.27547   tui_handle_term_mode:226: TUI: terminal mode 69 unavailable, state 0
WRN 2026-09-06T13:32:03.929 ui.27547   tui_handle_term_mode:239: TUI: terminal mode 2026 detected, state 2
WRN 2026-09-06T13:32:03.929 ui.27547   tui_handle_term_mode:226: TUI: terminal mode 2027 unavailable, state 0
WRN 2026-09-06T13:32:03.929 ui.27547   tui_handle_term_mode:239: TUI: terminal mode 2031 detected, state 2
WRN 2026-09-06T13:32:03.929 ui.27547   tui_handle_term_mode:239: TUI: terminal mode 2048 detected, state 2
WRN 2026-09-06T13:32:33.339 ui.27747   tui_handle_term_mode:226: TUI: terminal mode 69 unavailable, state 0
WRN 2026-09-06T13:32:33.339 ui.27747   tui_handle_term_mode:239: TUI: terminal mode 2026 detected, state 2
WRN 2026-09-06T13:32:33.339 ui.27747   tui_handle_term_mode:226: TUI: terminal mode 2027 unavailable, state 0
WRN 2026-09-06T13:32:33.339 ui.27747   tui_handle_term_mode:239: TUI: terminal mode 2031 detected, state 2
WRN 2026-09-06T13:32:33.339 ui.27747   tui_handle_term_mode:239: TUI: terminal mode 2048 detected, state 2
WRN 2026-09-06T13:32:41.330 ui.27819   tui_handle_term_mode:226: TUI: terminal mode 69 unavailable, state 0
WRN 2026-09-06T13:32:41.330 ui.27819   tui_handle_term_mode:239: TUI: terminal mode 2026 detected, state 2
WRN 2026-09-06T13:32:41.330 ui.27819   tui_handle_term_mode:226: TUI: terminal mode 2027 unavailable, state 0
WRN 2026-09-06T13:32:41.330 ui.27819   tui_handle_term_mode:239: TUI: terminal mode 2031 detected, state 2
WRN 2026-09-06T13:32:41.330 ui.27819   tui_handle_term_mode:239: TUI: terminal mode 2048 detected, state 2
WRN 2026-09-06T13:35:52.337 ui.29824   tui_handle_term_mode:226: TUI: terminal mode 69 unavailable, state 0
WRN 2026-09-06T13:35:52.337 ui.29824   tui_handle_term_mode:239: TUI: terminal mode 2026 detected, state 2
WRN 2026-09-06T13:35:52.337 ui.29824   tui_handle_term_mode:226: TUI: terminal mode 2027 unavailable, state 0
WRN 2026-09-06T13:35:52.337 ui.29824   tui_handle_term_mode:239: TUI: terminal mode 2031 detected, state 2
WRN 2026-09-06T13:35:52.337 ui.29824   tui_handle_term_mode:239: TUI: terminal mode 2048 detected, state 2
WRN 2026-09-06T13:41:11.836 ui.31827   tui_handle_term_mode:226: TUI: terminal mode 69 unavailable, state 0
WRN 2026-09-06T13:41:11.836 ui.31827   tui_handle_term_mode:239: TUI: terminal mode 2026 detected, state 2
WRN 2026-09-06T13:41:11.836 ui.31827   tui_handle_term_mode:226: TUI: terminal mode 2027 unavailable, state 0
WRN 2026-09-06T13:41:11.836 ui.31827   tui_handle_term_mode:239: TUI: terminal mode 2031 detected, state 2
WRN 2026-09-06T13:41:11.836 ui.31827   tui_handle_term_mode:239: TUI: terminal mode 2048 detected, state 2
WRN 2026-09-06T13:41:53.743 ui.32048   tui_handle_term_mode:226: TUI: terminal mode 69 unavailable, state 0
WRN 2026-09-06T13:41:53.743 ui.32048   tui_handle_term_mode:239: TUI: terminal mode 2026 detected, state 2
WRN 2026-09-06T13:41:53.743 ui.32048   tui_handle_term_mode:226: TUI: terminal mode 2027 unavailable, state 0
WRN 2026-09-06T13:41:53.743 ui.32048   tui_handle_term_mode:239: TUI: terminal mode 2031 detected, state 2
WRN 2026-09-06T13:41:53.743 ui.32048   tui_handle_term_mode:239: TUI: terminal mode 2048 detected, state 2
WRN 2026-09-06T13:42:25.589 ui.32586   tui_handle_term_mode:226: TUI: terminal mode 69 unavailable, state 0
WRN 2026-09-06T13:42:25.589 ui.32586   tui_handle_term_mode:239: TUI: terminal mode 2026 detected, state 2
WRN 2026-09-06T13:42:25.589 ui.32586   tui_handle_term_mode:226: TUI: terminal mode 2027 unavailable, state 0
WRN 2026-09-06T13:42:25.589 ui.32586   tui_handle_term_mode:239: TUI: terminal mode 2031 detected, state 2
WRN 2026-09-06T13:42:25.589 ui.32586   tui_handle_term_mode:239: TUI: terminal mode 2048 detected, state 2
WRN 2026-09-06T13:43:40.887 ui.33361   tui_handle_term_mode:226: TUI: terminal mode 69 unavailable, state 0
WRN 2026-09-06T13:43:40.887 ui.33361   tui_handle_term_mode:239: TUI: terminal mode 2026 detected, state 2
WRN 2026-09-06T13:43:40.887 ui.33361   tui_handle_term_mode:226: TUI: terminal mode 2027 unavailable, state 0
WRN 2026-09-06T13:43:40.887 ui.33361   tui_handle_term_mode:239: TUI: terminal mode 2031 detected, state 2
WRN 2026-09-06T13:43:40.887 ui.33361   tui_handle_term_mode:239: TUI: terminal mode 2048 detected, state 2
WRN 2026-09-06T13:44:44.516 ui.33821   tui_handle_term_mode:226: TUI: terminal mode 69 unavailable, state 0
WRN 2026-09-06T13:44:44.516 ui.33821   tui_handle_term_mode:239: TUI: terminal mode 2026 detected, state 2
WRN 2026-09-06T13:44:44.516 ui.33821   tui_handle_term_mode:226: TUI: terminal mode 2027 unavailable, state 0
WRN 2026-09-06T13:44:44.516 ui.33821   tui_handle_term_mode:239: TUI: terminal mode 2031 detected, state 2
WRN 2026-09-06T13:44:44.516 ui.33821   tui_handle_term_mode:239: TUI: terminal mode 2048 detected, state 2
WRN 2026-09-06T13:57:47.231 ui.38803   tui_handle_term_mode:226: TUI: terminal mode 69 unavailable, state 0
WRN 2026-09-06T13:57:47.231 ui.38803   tui_handle_term_mode:239: TUI: terminal mode 2026 detected, state 2
WRN 2026-09-06T13:57:47.231 ui.38803   tui_handle_term_mode:226: TUI: terminal mode 2027 unavailable, state 0
WRN 2026-09-06T13:57:47.231 ui.38803   tui_handle_term_mode:239: TUI: terminal mode 2031 detected, state 2
WRN 2026-09-06T13:57:47.231 ui.38803   tui_handle_term_mode:239: TUI: terminal mode 2048 detected, state 2
WRN 2026-09-06T16:29:25.968 ui.2325    tui_handle_term_mode:226: TUI: terminal mode 69 unavailable, state 0
WRN 2026-09-06T16:29:25.970 ui.2325    tui_handle_term_mode:239: TUI: terminal mode 2026 detected, state 2
WRN 2026-09-06T16:29:25.970 ui.2325    tui_handle_term_mode:226: TUI: terminal mode 2027 unavailable, state 0
WRN 2026-09-06T16:29:25.970 ui.2325    tui_handle_term_mode:239: TUI: terminal mode 2031 detected, state 2
WRN 2026-09-06T16:29:25.970 ui.2325    tui_handle_term_mode:239: TUI: terminal mode 2048 detected, state 2
WRN 2026-09-06T16:29:44.430 ui.2553    tui_handle_term_mode:226: TUI: terminal mode 69 unavailable, state 0
WRN 2026-09-06T16:29:44.430 ui.2553    tui_handle_term_mode:239: TUI: terminal mode 2026 detected, state 2
WRN 2026-09-06T16:29:44.430 ui.2553    tui_handle_term_mode:226: TUI: terminal mode 2027 unavailable, state 0
WRN 2026-09-06T16:29:44.430 ui.2553    tui_handle_term_mode:239: TUI: terminal mode 2031 detected, state 2
WRN 2026-09-06T16:29:44.430 ui.2553    tui_handle_term_mode:239: TUI: terminal mode 2048 detected, state 2
WRN 2026-09-06T16:30:53.443 ui.2994    tui_handle_term_mode:226: TUI: terminal mode 69 unavailable, state 0
WRN 2026-09-06T16:30:53.443 ui.2994    tui_handle_term_mode:239: TUI: terminal mode 2026 detected, state 2
WRN 2026-09-06T16:30:53.443 ui.2994    tui_handle_term_mode:226: TUI: terminal mode 2027 unavailable, state 0
WRN 2026-09-06T16:30:53.443 ui.2994    tui_handle_term_mode:239: TUI: terminal mode 2031 detected, state 2
WRN 2026-09-06T16:30:53.443 ui.2994    tui_handle_term_mode:239: TUI: terminal mode 2048 detected, state 2
WRN 2026-09-06T16:31:33.984 ui.3343    tui_handle_term_mode:226: TUI: terminal mode 69 unavailable, state 0
WRN 2026-09-06T16:31:33.984 ui.3343    tui_handle_term_mode:239: TUI: terminal mode 2026 detected, state 2
WRN 2026-09-06T16:31:33.984 ui.3343    tui_handle_term_mode:226: TUI: terminal mode 2027 unavailable, state 0
WRN 2026-09-06T16:31:33.984 ui.3343    tui_handle_term_mode:239: TUI: terminal mode 2031 detected, state 2
WRN 2026-09-06T16:31:33.984 ui.3343    tui_handle_term_mode:239: TUI: terminal mode 2048 detected, state 2
WRN 2026-09-06T16:31:37.371 ui.3398    tui_handle_term_mode:226: TUI: terminal mode 69 unavailable, state 0
WRN 2026-09-06T16:31:37.372 ui.3398    tui_handle_term_mode:239: TUI: terminal mode 2026 detected, state 2
WRN 2026-09-06T16:31:37.372 ui.3398    tui_handle_term_mode:226: TUI: terminal mode 2027 unavailable, state 0
WRN 2026-09-06T16:31:37.372 ui.3398    tui_handle_term_mode:239: TUI: terminal mode 2031 detected, state 2
WRN 2026-09-06T16:31:37.372 ui.3398    tui_handle_term_mode:239: TUI: terminal mode 2048 detected, state 2
WRN 2026-09-06T16:31:56.046 ui.3517    tui_handle_term_mode:226: TUI: terminal mode 69 unavailable, state 0
WRN 2026-09-06T16:31:56.046 ui.3517    tui_handle_term_mode:239: TUI: terminal mode 2026 detected, state 2
WRN 2026-09-06T16:31:56.046 ui.3517    tui_handle_term_mode:226: TUI: terminal mode 2027 unavailable, state 0
WRN 2026-09-06T16:31:56.046 ui.3517    tui_handle_term_mode:239: TUI: terminal mode 2031 detected, state 2
WRN 2026-09-06T16:31:56.046 ui.3517    tui_handle_term_mode:239: TUI: terminal mode 2048 detected, state 2
WRN 2026-09-06T16:32:33.127 ui.3828    tui_handle_term_mode:226: TUI: terminal mode 69 unavailable, state 0
WRN 2026-09-06T16:32:33.127 ui.3828    tui_handle_term_mode:239: TUI: terminal mode 2026 detected, state 2
WRN 2026-09-06T16:32:33.127 ui.3828    tui_handle_term_mode:226: TUI: terminal mode 2027 unavailable, state 0
WRN 2026-09-06T16:32:33.127 ui.3828    tui_handle_term_mode:239: TUI: terminal mode 2031 detected, state 2
WRN 2026-09-06T16:32:33.127 ui.3828    tui_handle_term_mode:239: TUI: terminal mode 2048 detected, state 2
WRN 2026-09-06T16:32:52.425 ui.3897    tui_handle_term_mode:226: TUI: terminal mode 69 unavailable, state 0
WRN 2026-09-06T16:32:52.425 ui.3897    tui_handle_term_mode:239: TUI: terminal mode 2026 detected, state 2
WRN 2026-09-06T16:32:52.425 ui.3897    tui_handle_term_mode:226: TUI: terminal mode 2027 unavailable, state 0
WRN 2026-09-06T16:32:52.425 ui.3897    tui_handle_term_mode:239: TUI: terminal mode 2031 detected, state 2
WRN 2026-09-06T16:32:52.425 ui.3897    tui_handle_term_mode:239: TUI: terminal mode 2048 detected, state 2
WRN 2026-09-06T16:37:41.425 ui.5615    tui_handle_term_mode:226: TUI: terminal mode 69 unavailable, state 0
WRN 2026-09-06T16:37:41.425 ui.5615    tui_handle_term_mode:239: TUI: terminal mode 2026 detected, state 2
WRN 2026-09-06T16:37:41.425 ui.5615    tui_handle_term_mode:226: TUI: terminal mode 2027 unavailable, state 0
WRN 2026-09-06T16:37:41.425 ui.5615    tui_handle_term_mode:239: TUI: terminal mode 2031 detected, state 2
WRN 2026-09-06T16:37:41.425 ui.5615    tui_handle_term_mode:239: TUI: terminal mode 2048 detected, state 2
WRN 2026-09-06T16:37:56.376 ui.5697    tui_handle_term_mode:226: TUI: terminal mode 69 unavailable, state 0
WRN 2026-09-06T16:37:56.376 ui.5697    tui_handle_term_mode:239: TUI: terminal mode 2026 detected, state 2
WRN 2026-09-06T16:37:56.376 ui.5697    tui_handle_term_mode:226: TUI: terminal mode 2027 unavailable, state 0
WRN 2026-09-06T16:37:56.376 ui.5697    tui_handle_term_mode:239: TUI: terminal mode 2031 detected, state 2
WRN 2026-09-06T16:37:56.376 ui.5697    tui_handle_term_mode:239: TUI: terminal mode 2048 detected, state 2
WRN 2026-09-06T16:38:22.918 ui.5794    tui_handle_term_mode:226: TUI: terminal mode 69 unavailable, state 0
WRN 2026-09-06T16:38:22.918 ui.5794    tui_handle_term_mode:239: TUI: terminal mode 2026 detected, state 2
WRN 2026-09-06T16:38:22.918 ui.5794    tui_handle_term_mode:226: TUI: terminal mode 2027 unavailable, state 0
WRN 2026-09-06T16:38:22.918 ui.5794    tui_handle_term_mode:239: TUI: terminal mode 2031 detected, state 2
WRN 2026-09-06T16:38:22.918 ui.5794    tui_handle_term_mode:239: TUI: terminal mode 2048 detected, state 2
WRN 2026-09-06T16:39:19.675 ui.6068    tui_handle_term_mode:226: TUI: terminal mode 69 unavailable, state 0
WRN 2026-09-06T16:39:19.675 ui.6068    tui_handle_term_mode:239: TUI: terminal mode 2026 detected, state 2
WRN 2026-09-06T16:39:19.675 ui.6068    tui_handle_term_mode:226: TUI: terminal mode 2027 unavailable, state 0
WRN 2026-09-06T16:39:19.675 ui.6068    tui_handle_term_mode:239: TUI: terminal mode 2031 detected, state 2
WRN 2026-09-06T16:39:19.675 ui.6068    tui_handle_term_mode:239: TUI: terminal mode 2048 detected, state 2
WRN 2026-09-06T16:40:13.262 ui.6408    tui_handle_term_mode:226: TUI: terminal mode 69 unavailable, state 0
WRN 2026-09-06T16:40:13.262 ui.6408    tui_handle_term_mode:239: TUI: terminal mode 2026 detected, state 2
WRN 2026-09-06T16:40:13.262 ui.6408    tui_handle_term_mode:226: TUI: terminal mode 2027 unavailable, state 0
WRN 2026-09-06T16:40:13.262 ui.6408    tui_handle_term_mode:239: TUI: terminal mode 2031 detected, state 2
WRN 2026-09-06T16:40:13.262 ui.6408    tui_handle_term_mode:239: TUI: terminal mode 2048 detected, state 2
WRN 2026-09-06T16:40:19.702 ui.6444    tui_handle_term_mode:226: TUI: terminal mode 69 unavailable, state 0
WRN 2026-09-06T16:40:19.702 ui.6444    tui_handle_term_mode:239: TUI: terminal mode 2026 detected, state 2
WRN 2026-09-06T16:40:19.702 ui.6444    tui_handle_term_mode:226: TUI: terminal mode 2027 unavailable, state 0
WRN 2026-09-06T16:40:19.702 ui.6444    tui_handle_term_mode:239: TUI: terminal mode 2031 detected, state 2
WRN 2026-09-06T16:40:19.702 ui.6444    tui_handle_term_mode:239: TUI: terminal mode 2048 detected, state 2
WRN 2026-09-06T16:40:56.795 ui.6689    tui_handle_term_mode:226: TUI: terminal mode 69 unavailable, state 0
WRN 2026-09-06T16:40:56.795 ui.6689    tui_handle_term_mode:239: TUI: terminal mode 2026 detected, state 2
WRN 2026-09-06T16:40:56.795 ui.6689    tui_handle_term_mode:226: TUI: terminal mode 2027 unavailable, state 0
WRN 2026-09-06T16:40:56.795 ui.6689    tui_handle_term_mode:239: TUI: terminal mode 2031 detected, state 2
WRN 2026-09-06T16:40:56.795 ui.6689    tui_handle_term_mode:239: TUI: terminal mode 2048 detected, state 2
WRN 2026-09-06T16:41:36.601 ui.6985    tui_handle_term_mode:226: TUI: terminal mode 69 unavailable, state 0
WRN 2026-09-06T16:41:36.601 ui.6985    tui_handle_term_mode:239: TUI: terminal mode 2026 detected, state 2
WRN 2026-09-06T16:41:36.601 ui.6985    tui_handle_term_mode:226: TUI: terminal mode 2027 unavailable, state 0
WRN 2026-09-06T16:41:36.601 ui.6985    tui_handle_term_mode:239: TUI: terminal mode 2031 detected, state 2
WRN 2026-09-06T16:41:36.601 ui.6985    tui_handle_term_mode:239: TUI: terminal mode 2048 detected, state 2
WRN 2026-09-06T16:41:43.255 ui.7180    tui_handle_term_mode:226: TUI: terminal mode 69 unavailable, state 0
WRN 2026-09-06T16:41:43.255 ui.7180    tui_handle_term_mode:239: TUI: terminal mode 2026 detected, state 2
WRN 2026-09-06T16:41:43.255 ui.7180    tui_handle_term_mode:226: TUI: terminal mode 2027 unavailable, state 0
WRN 2026-09-06T16:41:43.255 ui.7180    tui_handle_term_mode:239: TUI: terminal mode 2031 detected, state 2
WRN 2026-09-06T16:41:43.255 ui.7180    tui_handle_term_mode:239: TUI: terminal mode 2048 detected, state 2
WRN 2026-09-06T16:54:27.057 ui.14777   tui_handle_term_mode:226: TUI: terminal mode 69 unavailable, state 0
WRN 2026-09-06T16:54:27.057 ui.14777   tui_handle_term_mode:239: TUI: terminal mode 2026 detected, state 2
WRN 2026-09-06T16:54:27.057 ui.14777   tui_handle_term_mode:226: TUI: terminal mode 2027 unavailable, state 0
WRN 2026-09-06T16:54:27.057 ui.14777   tui_handle_term_mode:239: TUI: terminal mode 2031 detected, state 2
WRN 2026-09-06T16:54:27.057 ui.14777   tui_handle_term_mode:239: TUI: terminal mode 2048 detected, state 2
WRN 2026-09-06T17:00:24.593 ui.16954   tui_handle_term_mode:226: TUI: terminal mode 69 unavailable, state 0
WRN 2026-09-06T17:00:24.593 ui.16954   tui_handle_term_mode:239: TUI: terminal mode 2026 detected, state 2
WRN 2026-09-06T17:00:24.593 ui.16954   tui_handle_term_mode:226: TUI: terminal mode 2027 unavailable, state 0
WRN 2026-09-06T17:00:24.593 ui.16954   tui_handle_term_mode:239: TUI: terminal mode 2031 detected, state 2
WRN 2026-09-06T17:00:24.593 ui.16954   tui_handle_term_mode:239: TUI: terminal mode 2048 detected, state 2
WRN 2026-09-06T17:00:38.364 ui.17012   tui_handle_term_mode:226: TUI: terminal mode 69 unavailable, state 0
WRN 2026-09-06T17:00:38.364 ui.17012   tui_handle_term_mode:239: TUI: terminal mode 2026 detected, state 2
WRN 2026-09-06T17:00:38.364 ui.17012   tui_handle_term_mode:226: TUI: terminal mode 2027 unavailable, state 0
WRN 2026-09-06T17:00:38.364 ui.17012   tui_handle_term_mode:239: TUI: terminal mode 2031 detected, state 2
WRN 2026-09-06T17:00:38.364 ui.17012   tui_handle_term_mode:239: TUI: terminal mode 2048 detected, state 2
WRN 2026-09-06T17:02:15.168 ui.17703   tui_handle_term_mode:226: TUI: terminal mode 69 unavailable, state 0
WRN 2026-09-06T17:02:15.168 ui.17703   tui_handle_term_mode:239: TUI: terminal mode 2026 detected, state 2
WRN 2026-09-06T17:02:15.168 ui.17703   tui_handle_term_mode:226: TUI: terminal mode 2027 unavailable, state 0
WRN 2026-09-06T17:02:15.168 ui.17703   tui_handle_term_mode:239: TUI: terminal mode 2031 detected, state 2
WRN 2026-09-06T17:02:15.168 ui.17703   tui_handle_term_mode:239: TUI: terminal mode 2048 detected, state 2
WRN 2026-09-06T17:02:50.669 ui.17895   tui_handle_term_mode:226: TUI: terminal mode 69 unavailable, state 0
WRN 2026-09-06T17:02:50.669 ui.17895   tui_handle_term_mode:239: TUI: terminal mode 2026 detected, state 2
WRN 2026-09-06T17:02:50.669 ui.17895   tui_handle_term_mode:226: TUI: terminal mode 2027 unavailable, state 0
WRN 2026-09-06T17:02:50.669 ui.17895   tui_handle_term_mode:239: TUI: terminal mode 2031 detected, state 2
WRN 2026-09-06T17:02:50.669 ui.17895   tui_handle_term_mode:239: TUI: terminal mode 2048 detected, state 2
WRN 2026-09-06T17:03:49.569 ui.18162   tui_handle_term_mode:226: TUI: terminal mode 69 unavailable, state 0
WRN 2026-09-06T17:03:49.570 ui.18162   tui_handle_term_mode:239: TUI: terminal mode 2026 detected, state 2
WRN 2026-09-06T17:03:49.570 ui.18162   tui_handle_term_mode:226: TUI: terminal mode 2027 unavailable, state 0
WRN 2026-09-06T17:03:49.570 ui.18162   tui_handle_term_mode:239: TUI: terminal mode 2031 detected, state 2
WRN 2026-09-06T17:03:49.570 ui.18162   tui_handle_term_mode:239: TUI: terminal mode 2048 detected, state 2
WRN 2026-09-06T17:04:29.888 ui.18624   tui_handle_term_mode:226: TUI: terminal mode 69 unavailable, state 0
WRN 2026-09-06T17:04:29.888 ui.18624   tui_handle_term_mode:239: TUI: terminal mode 2026 detected, state 2
WRN 2026-09-06T17:04:29.888 ui.18624   tui_handle_term_mode:226: TUI: terminal mode 2027 unavailable, state 0
WRN 2026-09-06T17:04:29.888 ui.18624   tui_handle_term_mode:239: TUI: terminal mode 2031 detected, state 2
WRN 2026-09-06T17:04:29.888 ui.18624   tui_handle_term_mode:239: TUI: terminal mode 2048 detected, state 2
WRN 2026-09-06T17:04:51.598 ui.18792   tui_handle_term_mode:226: TUI: terminal mode 69 unavailable, state 0
WRN 2026-09-06T17:04:51.598 ui.18792   tui_handle_term_mode:239: TUI: terminal mode 2026 detected, state 2
WRN 2026-09-06T17:04:51.598 ui.18792   tui_handle_term_mode:226: TUI: terminal mode 2027 unavailable, state 0
WRN 2026-09-06T17:04:51.598 ui.18792   tui_handle_term_mode:239: TUI: terminal mode 2031 detected, state 2
WRN 2026-09-06T17:04:51.598 ui.18792   tui_handle_term_mode:239: TUI: terminal mode 2048 detected, state 2
WRN 2026-09-06T17:06:14.992 ui.19285   tui_handle_term_mode:226: TUI: terminal mode 69 unavailable, state 0
WRN 2026-09-06T17:06:14.992 ui.19285   tui_handle_term_mode:239: TUI: terminal mode 2026 detected, state 2
WRN 2026-09-06T17:06:14.992 ui.19285   tui_handle_term_mode:226: TUI: terminal mode 2027 unavailable, state 0
WRN 2026-09-06T17:06:14.992 ui.19285   tui_handle_term_mode:239: TUI: terminal mode 2031 detected, state 2
WRN 2026-09-06T17:06:14.993 ui.19285   tui_handle_term_mode:239: TUI: terminal mode 2048 detected, state 2
WRN 2026-09-06T17:07:01.999 ui.19697   tui_handle_term_mode:226: TUI: terminal mode 69 unavailable, state 0
WRN 2026-09-06T17:07:01.999 ui.19697   tui_handle_term_mode:239: TUI: terminal mode 2026 detected, state 2
WRN 2026-09-06T17:07:01.999 ui.19697   tui_handle_term_mode:226: TUI: terminal mode 2027 unavailable, state 0
WRN 2026-09-06T17:07:01.999 ui.19697   tui_handle_term_mode:239: TUI: terminal mode 2031 detected, state 2
WRN 2026-09-06T17:07:01.999 ui.19697   tui_handle_term_mode:239: TUI: terminal mode 2048 detected, state 2
WRN 2026-09-06T17:08:11.143 ui.20141   tui_handle_term_mode:226: TUI: terminal mode 69 unavailable, state 0
WRN 2026-09-06T17:08:11.143 ui.20141   tui_handle_term_mode:239: TUI: terminal mode 2026 detected, state 2
WRN 2026-09-06T17:08:11.143 ui.20141   tui_handle_term_mode:226: TUI: terminal mode 2027 unavailable, state 0
WRN 2026-09-06T17:08:11.144 ui.20141   tui_handle_term_mode:239: TUI: terminal mode 2031 detected, state 2
WRN 2026-09-06T17:08:11.144 ui.20141   tui_handle_term_mode:239: TUI: terminal mode 2048 detected, state 2
WRN 2026-09-06T17:08:32.800 ui.20429   tui_handle_term_mode:226: TUI: terminal mode 69 unavailable, state 0
WRN 2026-09-06T17:08:32.800 ui.20429   tui_handle_term_mode:239: TUI: terminal mode 2026 detected, state 2
WRN 2026-09-06T17:08:32.800 ui.20429   tui_handle_term_mode:226: TUI: terminal mode 2027 unavailable, state 0
WRN 2026-09-06T17:08:32.800 ui.20429   tui_handle_term_mode:239: TUI: terminal mode 2031 detected, state 2
WRN 2026-09-06T17:08:32.800 ui.20429   tui_handle_term_mode:239: TUI: terminal mode 2048 detected, state 2
WRN 2026-09-06T17:09:38.433 ui.20821   tui_handle_term_mode:226: TUI: terminal mode 69 unavailable, state 0
WRN 2026-09-06T17:09:38.433 ui.20821   tui_handle_term_mode:239: TUI: terminal mode 2026 detected, state 2
WRN 2026-09-06T17:09:38.433 ui.20821   tui_handle_term_mode:226: TUI: terminal mode 2027 unavailable, state 0
WRN 2026-09-06T17:09:38.433 ui.20821   tui_handle_term_mode:239: TUI: terminal mode 2031 detected, state 2
WRN 2026-09-06T17:09:38.433 ui.20821   tui_handle_term_mode:239: TUI: terminal mode 2048 detected, state 2
WRN 2026-09-06T17:09:54.084 ui.20967   tui_handle_term_mode:226: TUI: terminal mode 69 unavailable, state 0
WRN 2026-09-06T17:09:54.084 ui.20967   tui_handle_term_mode:239: TUI: terminal mode 2026 detected, state 2
WRN 2026-09-06T17:09:54.084 ui.20967   tui_handle_term_mode:226: TUI: terminal mode 2027 unavailable, state 0
WRN 2026-09-06T17:09:54.084 ui.20967   tui_handle_term_mode:239: TUI: terminal mode 2031 detected, state 2
WRN 2026-09-06T17:09:54.084 ui.20967   tui_handle_term_mode:239: TUI: terminal mode 2048 detected, state 2
WRN 2026-09-06T17:11:10.948 ui.21485   tui_handle_term_mode:226: TUI: terminal mode 69 unavailable, state 0
WRN 2026-09-06T17:11:10.948 ui.21485   tui_handle_term_mode:239: TUI: terminal mode 2026 detected, state 2
WRN 2026-09-06T17:11:10.948 ui.21485   tui_handle_term_mode:226: TUI: terminal mode 2027 unavailable, state 0
WRN 2026-09-06T17:11:10.948 ui.21485   tui_handle_term_mode:239: TUI: terminal mode 2031 detected, state 2
WRN 2026-09-06T17:11:10.948 ui.21485   tui_handle_term_mode:239: TUI: terminal mode 2048 detected, state 2
WRN 2026-09-06T17:11:24.063 ui.21586   tui_handle_term_mode:226: TUI: terminal mode 69 unavailable, state 0
WRN 2026-09-06T17:11:24.063 ui.21586   tui_handle_term_mode:239: TUI: terminal mode 2026 detected, state 2
WRN 2026-09-06T17:11:24.063 ui.21586   tui_handle_term_mode:226: TUI: terminal mode 2027 unavailable, state 0
WRN 2026-09-06T17:11:24.063 ui.21586   tui_handle_term_mode:239: TUI: terminal mode 2031 detected, state 2
WRN 2026-09-06T17:11:24.063 ui.21586   tui_handle_term_mode:239: TUI: terminal mode 2048 detected, state 2
WRN 2026-09-06T17:11:28.327 ui.21628   tui_handle_term_mode:226: TUI: terminal mode 69 unavailable, state 0
WRN 2026-09-06T17:11:28.327 ui.21628   tui_handle_term_mode:239: TUI: terminal mode 2026 detected, state 2
WRN 2026-09-06T17:11:28.327 ui.21628   tui_handle_term_mode:226: TUI: terminal mode 2027 unavailable, state 0
WRN 2026-09-06T17:11:28.327 ui.21628   tui_handle_term_mode:239: TUI: terminal mode 2031 detected, state 2
WRN 2026-09-06T17:11:28.327 ui.21628   tui_handle_term_mode:239: TUI: terminal mode 2048 detected, state 2
WRN 2026-09-06T17:13:47.678 ui.22210   tui_handle_term_mode:226: TUI: terminal mode 69 unavailable, state 0
WRN 2026-09-06T17:13:47.678 ui.22210   tui_handle_term_mode:239: TUI: terminal mode 2026 detected, state 2
WRN 2026-09-06T17:13:47.678 ui.22210   tui_handle_term_mode:226: TUI: terminal mode 2027 unavailable, state 0
WRN 2026-09-06T17:13:47.678 ui.22210   tui_handle_term_mode:239: TUI: terminal mode 2031 detected, state 2
WRN 2026-09-06T17:13:47.678 ui.22210   tui_handle_term_mode:239: TUI: terminal mode 2048 detected, state 2
WRN 2026-09-06T17:14:25.767 ui.22473   tui_handle_term_mode:226: TUI: terminal mode 69 unavailable, state 0
WRN 2026-09-06T17:14:25.767 ui.22473   tui_handle_term_mode:239: TUI: terminal mode 2026 detected, state 2
WRN 2026-09-06T17:14:25.767 ui.22473   tui_handle_term_mode:226: TUI: terminal mode 2027 unavailable, state 0
WRN 2026-09-06T17:14:25.767 ui.22473   tui_handle_term_mode:239: TUI: terminal mode 2031 detected, state 2
WRN 2026-09-06T17:14:25.767 ui.22473   tui_handle_term_mode:239: TUI: terminal mode 2048 detected, state 2
WRN 2026-09-06T17:15:46.383 ui.23013   tui_handle_term_mode:226: TUI: terminal mode 69 unavailable, state 0
WRN 2026-09-06T17:15:46.383 ui.23013   tui_handle_term_mode:239: TUI: terminal mode 2026 detected, state 2
WRN 2026-09-06T17:15:46.383 ui.23013   tui_handle_term_mode:226: TUI: terminal mode 2027 unavailable, state 0
WRN 2026-09-06T17:15:46.383 ui.23013   tui_handle_term_mode:239: TUI: terminal mode 2031 detected, state 2
WRN 2026-09-06T17:15:46.383 ui.23013   tui_handle_term_mode:239: TUI: terminal mode 2048 detected, state 2
WRN 2026-09-06T17:15:56.597 ui.23057   tui_handle_term_mode:226: TUI: terminal mode 69 unavailable, state 0
WRN 2026-09-06T17:15:56.597 ui.23057   tui_handle_term_mode:239: TUI: terminal mode 2026 detected, state 2
WRN 2026-09-06T17:15:56.597 ui.23057   tui_handle_term_mode:226: TUI: terminal mode 2027 unavailable, state 0
WRN 2026-09-06T17:15:56.597 ui.23057   tui_handle_term_mode:239: TUI: terminal mode 2031 detected, state 2
WRN 2026-09-06T17:15:56.597 ui.23057   tui_handle_term_mode:239: TUI: terminal mode 2048 detected, state 2
WRN 2026-09-06T17:16:07.560 ui.23104   tui_handle_term_mode:226: TUI: terminal mode 69 unavailable, state 0
WRN 2026-09-06T17:16:07.560 ui.23104   tui_handle_term_mode:239: TUI: terminal mode 2026 detected, state 2
WRN 2026-09-06T17:16:07.560 ui.23104   tui_handle_term_mode:226: TUI: terminal mode 2027 unavailable, state 0
WRN 2026-09-06T17:16:07.560 ui.23104   tui_handle_term_mode:239: TUI: terminal mode 2031 detected, state 2
WRN 2026-09-06T17:16:07.560 ui.23104   tui_handle_term_mode:239: TUI: terminal mode 2048 detected, state 2
WRN 2026-09-06T17:16:14.924 ui.23147   tui_handle_term_mode:226: TUI: terminal mode 69 unavailable, state 0
WRN 2026-09-06T17:16:14.924 ui.23147   tui_handle_term_mode:239: TUI: terminal mode 2026 detected, state 2
WRN 2026-09-06T17:16:14.924 ui.23147   tui_handle_term_mode:226: TUI: terminal mode 2027 unavailable, state 0
WRN 2026-09-06T17:16:14.924 ui.23147   tui_handle_term_mode:239: TUI: terminal mode 2031 detected, state 2
WRN 2026-09-06T17:16:14.924 ui.23147   tui_handle_term_mode:239: TUI: terminal mode 2048 detected, state 2
WRN 2026-09-06T17:16:20.726 ui.23188   tui_handle_term_mode:226: TUI: terminal mode 69 unavailable, state 0
WRN 2026-09-06T17:16:20.726 ui.23188   tui_handle_term_mode:239: TUI: terminal mode 2026 detected, state 2
WRN 2026-09-06T17:16:20.726 ui.23188   tui_handle_term_mode:226: TUI: terminal mode 2027 unavailable, state 0
WRN 2026-09-06T17:16:20.726 ui.23188   tui_handle_term_mode:239: TUI: terminal mode 2031 detected, state 2
WRN 2026-09-06T17:16:20.726 ui.23188   tui_handle_term_mode:239: TUI: terminal mode 2048 detected, state 2
WRN 2026-09-06T17:20:34.814 ui.24458   tui_handle_term_mode:226: TUI: terminal mode 69 unavailable, state 0
WRN 2026-09-06T17:20:34.814 ui.24458   tui_handle_term_mode:239: TUI: terminal mode 2026 detected, state 2
WRN 2026-09-06T17:20:34.814 ui.24458   tui_handle_term_mode:226: TUI: terminal mode 2027 unavailable, state 0
WRN 2026-09-06T17:20:34.814 ui.24458   tui_handle_term_mode:239: TUI: terminal mode 2031 detected, state 2
WRN 2026-09-06T17:20:34.814 ui.24458   tui_handle_term_mode:239: TUI: terminal mode 2048 detected, state 2
WRN 2026-09-06T17:20:49.001 ui.24536   tui_handle_term_mode:226: TUI: terminal mode 69 unavailable, state 0
WRN 2026-09-06T17:20:49.001 ui.24536   tui_handle_term_mode:239: TUI: terminal mode 2026 detected, state 2
WRN 2026-09-06T17:20:49.001 ui.24536   tui_handle_term_mode:226: TUI: terminal mode 2027 unavailable, state 0
WRN 2026-09-06T17:20:49.001 ui.24536   tui_handle_term_mode:239: TUI: terminal mode 2031 detected, state 2
WRN 2026-09-06T17:20:49.001 ui.24536   tui_handle_term_mode:239: TUI: terminal mode 2048 detected, state 2
WRN 2026-09-06T17:22:08.620 ui.26513   tui_handle_term_mode:226: TUI: terminal mode 69 unavailable, state 0
WRN 2026-09-06T17:22:08.620 ui.26513   tui_handle_term_mode:239: TUI: terminal mode 2026 detected, state 2
WRN 2026-09-06T17:22:08.620 ui.26513   tui_handle_term_mode:226: TUI: terminal mode 2027 unavailable, state 0
WRN 2026-09-06T17:22:08.620 ui.26513   tui_handle_term_mode:239: TUI: terminal mode 2031 detected, state 2
WRN 2026-09-06T17:22:08.620 ui.26513   tui_handle_term_mode:239: TUI: terminal mode 2048 detected, state 2
WRN 2026-09-06T17:22:27.423 ui.26678   tui_handle_term_mode:226: TUI: terminal mode 69 unavailable, state 0
WRN 2026-09-06T17:22:27.423 ui.26678   tui_handle_term_mode:239: TUI: terminal mode 2026 detected, state 2
WRN 2026-09-06T17:22:27.423 ui.26678   tui_handle_term_mode:226: TUI: terminal mode 2027 unavailable, state 0
WRN 2026-09-06T17:22:27.423 ui.26678   tui_handle_term_mode:239: TUI: terminal mode 2031 detected, state 2
WRN 2026-09-06T17:22:27.423 ui.26678   tui_handle_term_mode:239: TUI: terminal mode 2048 detected, state 2
WRN 2026-09-06T17:22:31.895 ui.26725   tui_handle_term_mode:226: TUI: terminal mode 69 unavailable, state 0
WRN 2026-09-06T17:22:31.895 ui.26725   tui_handle_term_mode:239: TUI: terminal mode 2026 detected, state 2
WRN 2026-09-06T17:22:31.895 ui.26725   tui_handle_term_mode:226: TUI: terminal mode 2027 unavailable, state 0
WRN 2026-09-06T17:22:31.895 ui.26725   tui_handle_term_mode:239: TUI: terminal mode 2031 detected, state 2
WRN 2026-09-06T17:22:31.895 ui.26725   tui_handle_term_mode:239: TUI: terminal mode 2048 detected, state 2
WRN 2026-09-06T17:23:21.931 ui.28350   tui_handle_term_mode:226: TUI: terminal mode 69 unavailable, state 0
WRN 2026-09-06T17:23:21.931 ui.28350   tui_handle_term_mode:239: TUI: terminal mode 2026 detected, state 2
WRN 2026-09-06T17:23:21.931 ui.28350   tui_handle_term_mode:226: TUI: terminal mode 2027 unavailable, state 0
WRN 2026-09-06T17:23:21.931 ui.28350   tui_handle_term_mode:239: TUI: terminal mode 2031 detected, state 2
WRN 2026-09-06T17:23:21.931 ui.28350   tui_handle_term_mode:239: TUI: terminal mode 2048 detected, state 2
WRN 2026-09-06T17:25:03.075 ui.28922   tui_handle_term_mode:226: TUI: terminal mode 69 unavailable, state 0
WRN 2026-09-06T17:25:03.075 ui.28922   tui_handle_term_mode:239: TUI: terminal mode 2026 detected, state 2
WRN 2026-09-06T17:25:03.075 ui.28922   tui_handle_term_mode:226: TUI: terminal mode 2027 unavailable, state 0
WRN 2026-09-06T17:25:03.075 ui.28922   tui_handle_term_mode:239: TUI: terminal mode 2031 detected, state 2
WRN 2026-09-06T17:25:03.075 ui.28922   tui_handle_term_mode:239: TUI: terminal mode 2048 detected, state 2
WRN 2026-09-06T17:25:10.375 ui.28995   tui_handle_term_mode:226: TUI: terminal mode 69 unavailable, state 0
WRN 2026-09-06T17:25:10.375 ui.28995   tui_handle_term_mode:239: TUI: terminal mode 2026 detected, state 2
WRN 2026-09-06T17:25:10.375 ui.28995   tui_handle_term_mode:226: TUI: terminal mode 2027 unavailable, state 0
WRN 2026-09-06T17:25:10.375 ui.28995   tui_handle_term_mode:239: TUI: terminal mode 2031 detected, state 2
WRN 2026-09-06T17:25:10.375 ui.28995   tui_handle_term_mode:239: TUI: terminal mode 2048 detected, state 2
WRN 2026-09-06T17:25:22.202 ui.29119   tui_handle_term_mode:226: TUI: terminal mode 69 unavailable, state 0
WRN 2026-09-06T17:25:22.202 ui.29119   tui_handle_term_mode:239: TUI: terminal mode 2026 detected, state 2
WRN 2026-09-06T17:25:22.202 ui.29119   tui_handle_term_mode:226: TUI: terminal mode 2027 unavailable, state 0
WRN 2026-09-06T17:25:22.202 ui.29119   tui_handle_term_mode:239: TUI: terminal mode 2031 detected, state 2
WRN 2026-09-06T17:25:22.202 ui.29119   tui_handle_term_mode:239: TUI: terminal mode 2048 detected, state 2
WRN 2026-09-06T17:25:34.115 ui.29181   tui_handle_term_mode:226: TUI: terminal mode 69 unavailable, state 0
WRN 2026-09-06T17:25:34.115 ui.29181   tui_handle_term_mode:239: TUI: terminal mode 2026 detected, state 2
WRN 2026-09-06T17:25:34.115 ui.29181   tui_handle_term_mode:226: TUI: terminal mode 2027 unavailable, state 0
WRN 2026-09-06T17:25:34.115 ui.29181   tui_handle_term_mode:239: TUI: terminal mode 2031 detected, state 2
WRN 2026-09-06T17:25:34.115 ui.29181   tui_handle_term_mode:239: TUI: terminal mode 2048 detected, state 2
WRN 2026-09-06T17:27:24.922 ui.29579   tui_handle_term_mode:226: TUI: terminal mode 69 unavailable, state 0
WRN 2026-09-06T17:27:24.922 ui.29579   tui_handle_term_mode:239: TUI: terminal mode 2026 detected, state 2
WRN 2026-09-06T17:27:24.922 ui.29579   tui_handle_term_mode:226: TUI: terminal mode 2027 unavailable, state 0
WRN 2026-09-06T17:27:24.922 ui.29579   tui_handle_term_mode:239: TUI: terminal mode 2031 detected, state 2
WRN 2026-09-06T17:27:24.922 ui.29579   tui_handle_term_mode:239: TUI: terminal mode 2048 detected, state 2
WRN 2026-09-06T17:30:12.892 ui.32621   tui_handle_term_mode:226: TUI: terminal mode 69 unavailable, state 0
WRN 2026-09-06T17:30:12.892 ui.32621   tui_handle_term_mode:239: TUI: terminal mode 2026 detected, state 2
WRN 2026-09-06T17:30:12.892 ui.32621   tui_handle_term_mode:226: TUI: terminal mode 2027 unavailable, state 0
WRN 2026-09-06T17:30:12.892 ui.32621   tui_handle_term_mode:239: TUI: terminal mode 2031 detected, state 2
WRN 2026-09-06T17:30:12.892 ui.32621   tui_handle_term_mode:239: TUI: terminal mode 2048 detected, state 2
WRN 2026-09-06T17:30:24.406 ui.32699   tui_handle_term_mode:226: TUI: terminal mode 69 unavailable, state 0
WRN 2026-09-06T17:30:24.406 ui.32699   tui_handle_term_mode:239: TUI: terminal mode 2026 detected, state 2
WRN 2026-09-06T17:30:24.406 ui.32699   tui_handle_term_mode:226: TUI: terminal mode 2027 unavailable, state 0
WRN 2026-09-06T17:30:24.406 ui.32699   tui_handle_term_mode:239: TUI: terminal mode 2031 detected, state 2
WRN 2026-09-06T17:30:24.406 ui.32699   tui_handle_term_mode:239: TUI: terminal mode 2048 detected, state 2
WRN 2026-09-06T17:34:10.610 ui.34597   tui_handle_term_mode:226: TUI: terminal mode 69 unavailable, state 0
WRN 2026-09-06T17:34:10.610 ui.34597   tui_handle_term_mode:239: TUI: terminal mode 2026 detected, state 2
WRN 2026-09-06T17:34:10.610 ui.34597   tui_handle_term_mode:226: TUI: terminal mode 2027 unavailable, state 0
WRN 2026-09-06T17:34:10.610 ui.34597   tui_handle_term_mode:239: TUI: terminal mode 2031 detected, state 2
WRN 2026-09-06T17:34:10.610 ui.34597   tui_handle_term_mode:239: TUI: terminal mode 2048 detected, state 2
WRN 2026-09-06T17:34:37.382 ui.34747   tui_handle_term_mode:226: TUI: terminal mode 69 unavailable, state 0
WRN 2026-09-06T17:34:37.382 ui.34747   tui_handle_term_mode:239: TUI: terminal mode 2026 detected, state 2
WRN 2026-09-06T17:34:37.382 ui.34747   tui_handle_term_mode:226: TUI: terminal mode 2027 unavailable, state 0
WRN 2026-09-06T17:34:37.382 ui.34747   tui_handle_term_mode:239: TUI: terminal mode 2031 detected, state 2
WRN 2026-09-06T17:34:37.382 ui.34747   tui_handle_term_mode:239: TUI: terminal mode 2048 detected, state 2
WRN 2026-09-06T17:36:53.457 ui.35253   tui_handle_term_mode:226: TUI: terminal mode 69 unavailable, state 0
WRN 2026-09-06T17:36:53.457 ui.35253   tui_handle_term_mode:239: TUI: terminal mode 2026 detected, state 2
WRN 2026-09-06T17:36:53.457 ui.35253   tui_handle_term_mode:226: TUI: terminal mode 2027 unavailable, state 0
WRN 2026-09-06T17:36:53.457 ui.35253   tui_handle_term_mode:239: TUI: terminal mode 2031 detected, state 2
WRN 2026-09-06T17:36:53.457 ui.35253   tui_handle_term_mode:239: TUI: terminal mode 2048 detected, state 2
WRN 2026-09-06T17:38:55.539 ui.35746   tui_handle_term_mode:226: TUI: terminal mode 69 unavailable, state 0
WRN 2026-09-06T17:38:55.539 ui.35746   tui_handle_term_mode:239: TUI: terminal mode 2026 detected, state 2
WRN 2026-09-06T17:38:55.540 ui.35746   tui_handle_term_mode:226: TUI: terminal mode 2027 unavailable, state 0
WRN 2026-09-06T17:38:55.540 ui.35746   tui_handle_term_mode:239: TUI: terminal mode 2031 detected, state 2
WRN 2026-09-06T17:38:55.540 ui.35746   tui_handle_term_mode:239: TUI: terminal mode 2048 detected, state 2
WRN 2026-09-06T17:39:34.188 ui.36083   tui_handle_term_mode:226: TUI: terminal mode 69 unavailable, state 0
WRN 2026-09-06T17:39:34.188 ui.36083   tui_handle_term_mode:239: TUI: terminal mode 2026 detected, state 2
WRN 2026-09-06T17:39:34.188 ui.36083   tui_handle_term_mode:226: TUI: terminal mode 2027 unavailable, state 0
WRN 2026-09-06T17:39:34.188 ui.36083   tui_handle_term_mode:239: TUI: terminal mode 2031 detected, state 2
WRN 2026-09-06T17:39:34.188 ui.36083   tui_handle_term_mode:239: TUI: terminal mode 2048 detected, state 2
WRN 2026-09-06T17:40:33.617 ui.36347   tui_handle_term_mode:226: TUI: terminal mode 69 unavailable, state 0
WRN 2026-09-06T17:40:33.617 ui.36347   tui_handle_term_mode:239: TUI: terminal mode 2026 detected, state 2
WRN 2026-09-06T17:40:33.617 ui.36347   tui_handle_term_mode:226: TUI: terminal mode 2027 unavailable, state 0
WRN 2026-09-06T17:40:33.617 ui.36347   tui_handle_term_mode:239: TUI: terminal mode 2031 detected, state 2
WRN 2026-09-06T17:40:33.617 ui.36347   tui_handle_term_mode:239: TUI: terminal mode 2048 detected, state 2
WRN 2026-09-06T17:41:01.790 ui.36842   tui_handle_term_mode:226: TUI: terminal mode 69 unavailable, state 0
WRN 2026-09-06T17:41:01.790 ui.36842   tui_handle_term_mode:239: TUI: terminal mode 2026 detected, state 2
WRN 2026-09-06T17:41:01.790 ui.36842   tui_handle_term_mode:226: TUI: terminal mode 2027 unavailable, state 0
WRN 2026-09-06T17:41:01.790 ui.36842   tui_handle_term_mode:239: TUI: terminal mode 2031 detected, state 2
WRN 2026-09-06T17:41:01.790 ui.36842   tui_handle_term_mode:239: TUI: terminal mode 2048 detected, state 2
WRN 2026-09-06T17:41:21.529 ui.37059   tui_handle_term_mode:226: TUI: terminal mode 69 unavailable, state 0
WRN 2026-09-06T17:41:21.529 ui.37059   tui_handle_term_mode:239: TUI: terminal mode 2026 detected, state 2
WRN 2026-09-06T17:41:21.529 ui.37059   tui_handle_term_mode:226: TUI: terminal mode 2027 unavailable, state 0
WRN 2026-09-06T17:41:21.529 ui.37059   tui_handle_term_mode:239: TUI: terminal mode 2031 detected, state 2
WRN 2026-09-06T17:41:21.529 ui.37059   tui_handle_term_mode:239: TUI: terminal mode 2048 detected, state 2
WRN 2026-09-06T17:41:26.671 ui.37155   tui_handle_term_mode:226: TUI: terminal mode 69 unavailable, state 0
WRN 2026-09-06T17:41:26.671 ui.37155   tui_handle_term_mode:239: TUI: terminal mode 2026 detected, state 2
WRN 2026-09-06T17:41:26.671 ui.37155   tui_handle_term_mode:226: TUI: terminal mode 2027 unavailable, state 0
WRN 2026-09-06T17:41:26.671 ui.37155   tui_handle_term_mode:239: TUI: terminal mode 2031 detected, state 2
WRN 2026-09-06T17:41:26.671 ui.37155   tui_handle_term_mode:239: TUI: terminal mode 2048 detected, state 2
WRN 2026-09-06T17:41:54.038 ui.37307   tui_handle_term_mode:226: TUI: terminal mode 69 unavailable, state 0
WRN 2026-09-06T17:41:54.038 ui.37307   tui_handle_term_mode:239: TUI: terminal mode 2026 detected, state 2
WRN 2026-09-06T17:41:54.038 ui.37307   tui_handle_term_mode:226: TUI: terminal mode 2027 unavailable, state 0
WRN 2026-09-06T17:41:54.038 ui.37307   tui_handle_term_mode:239: TUI: terminal mode 2031 detected, state 2
WRN 2026-09-06T17:41:54.038 ui.37307   tui_handle_term_mode:239: TUI: terminal mode 2048 detected, state 2
WRN 2026-09-06T17:43:29.148 ui.37710   tui_handle_term_mode:226: TUI: terminal mode 69 unavailable, state 0
WRN 2026-09-06T17:43:29.148 ui.37710   tui_handle_term_mode:239: TUI: terminal mode 2026 detected, state 2
WRN 2026-09-06T17:43:29.148 ui.37710   tui_handle_term_mode:226: TUI: terminal mode 2027 unavailable, state 0
WRN 2026-09-06T17:43:29.148 ui.37710   tui_handle_term_mode:239: TUI: terminal mode 2031 detected, state 2
WRN 2026-09-06T17:43:29.148 ui.37710   tui_handle_term_mode:239: TUI: terminal mode 2048 detected, state 2
WRN 2026-09-06T17:45:28.539 ui.38295   tui_handle_term_mode:226: TUI: terminal mode 69 unavailable, state 0
WRN 2026-09-06T17:45:28.539 ui.38295   tui_handle_term_mode:239: TUI: terminal mode 2026 detected, state 2
WRN 2026-09-06T17:45:28.539 ui.38295   tui_handle_term_mode:226: TUI: terminal mode 2027 unavailable, state 0
WRN 2026-09-06T17:45:28.539 ui.38295   tui_handle_term_mode:239: TUI: terminal mode 2031 detected, state 2
WRN 2026-09-06T17:45:28.539 ui.38295   tui_handle_term_mode:239: TUI: terminal mode 2048 detected, state 2
WRN 2026-09-06T17:48:51.405 ui.38995   tui_handle_term_mode:226: TUI: terminal mode 69 unavailable, state 0
WRN 2026-09-06T17:48:51.405 ui.38995   tui_handle_term_mode:239: TUI: terminal mode 2026 detected, state 2
WRN 2026-09-06T17:48:51.405 ui.38995   tui_handle_term_mode:226: TUI: terminal mode 2027 unavailable, state 0
WRN 2026-09-06T17:48:51.405 ui.38995   tui_handle_term_mode:239: TUI: terminal mode 2031 detected, state 2
WRN 2026-09-06T17:48:51.405 ui.38995   tui_handle_term_mode:239: TUI: terminal mode 2048 detected, state 2
WRN 2026-09-06T17:52:14.206 ui.40015   tui_handle_term_mode:226: TUI: terminal mode 69 unavailable, state 0
WRN 2026-09-06T17:52:14.206 ui.40015   tui_handle_term_mode:239: TUI: terminal mode 2026 detected, state 2
WRN 2026-09-06T17:52:14.206 ui.40015   tui_handle_term_mode:226: TUI: terminal mode 2027 unavailable, state 0
WRN 2026-09-06T17:52:14.206 ui.40015   tui_handle_term_mode:239: TUI: terminal mode 2031 detected, state 2
WRN 2026-09-06T17:52:14.206 ui.40015   tui_handle_term_mode:239: TUI: terminal mode 2048 detected, state 2
WRN 2026-09-06T19:41:58.704 ui.5603    tui_handle_term_mode:226: TUI: terminal mode 69 unavailable, state 0
WRN 2026-09-06T19:41:58.705 ui.5603    tui_handle_term_mode:239: TUI: terminal mode 2026 detected, state 2
WRN 2026-09-06T19:41:58.705 ui.5603    tui_handle_term_mode:226: TUI: terminal mode 2027 unavailable, state 0
WRN 2026-09-06T19:41:58.705 ui.5603    tui_handle_term_mode:239: TUI: terminal mode 2031 detected, state 2
WRN 2026-09-06T19:41:58.705 ui.5603    tui_handle_term_mode:239: TUI: terminal mode 2048 detected, state 2
WRN 2026-09-06T19:43:39.422 ui.6236    tui_handle_term_mode:226: TUI: terminal mode 69 unavailable, state 0
WRN 2026-09-06T19:43:39.422 ui.6236    tui_handle_term_mode:239: TUI: terminal mode 2026 detected, state 2
WRN 2026-09-06T19:43:39.422 ui.6236    tui_handle_term_mode:226: TUI: terminal mode 2027 unavailable, state 0
WRN 2026-09-06T19:43:39.422 ui.6236    tui_handle_term_mode:239: TUI: terminal mode 2031 detected, state 2
WRN 2026-09-06T19:43:39.422 ui.6236    tui_handle_term_mode:239: TUI: terminal mode 2048 detected, state 2
WRN 2026-09-06T19:45:48.487 ui.7160    tui_handle_term_mode:226: TUI: terminal mode 69 unavailable, state 0
WRN 2026-09-06T19:45:48.487 ui.7160    tui_handle_term_mode:239: TUI: terminal mode 2026 detected, state 2
WRN 2026-09-06T19:45:48.487 ui.7160    tui_handle_term_mode:226: TUI: terminal mode 2027 unavailable, state 0
WRN 2026-09-06T19:45:48.487 ui.7160    tui_handle_term_mode:239: TUI: terminal mode 2031 detected, state 2
WRN 2026-09-06T19:45:48.487 ui.7160    tui_handle_term_mode:239: TUI: terminal mode 2048 detected, state 2
WRN 2026-09-06T19:49:27.666 ui.8114    tui_handle_term_mode:226: TUI: terminal mode 69 unavailable, state 0
WRN 2026-09-06T19:49:27.666 ui.8114    tui_handle_term_mode:239: TUI: terminal mode 2026 detected, state 2
WRN 2026-09-06T19:49:27.667 ui.8114    tui_handle_term_mode:226: TUI: terminal mode 2027 unavailable, state 0
WRN 2026-09-06T19:49:27.667 ui.8114    tui_handle_term_mode:239: TUI: terminal mode 2031 detected, state 2
WRN 2026-09-06T19:49:27.667 ui.8114    tui_handle_term_mode:239: TUI: terminal mode 2048 detected, state 2
WRN 2026-09-06T19:52:02.226 ui.8576    tui_handle_term_mode:226: TUI: terminal mode 69 unavailable, state 0
WRN 2026-09-06T19:52:02.226 ui.8576    tui_handle_term_mode:239: TUI: terminal mode 2026 detected, state 2
WRN 2026-09-06T19:52:02.226 ui.8576    tui_handle_term_mode:226: TUI: terminal mode 2027 unavailable, state 0
WRN 2026-09-06T19:52:02.226 ui.8576    tui_handle_term_mode:239: TUI: terminal mode 2031 detected, state 2
WRN 2026-09-06T19:52:02.226 ui.8576    tui_handle_term_mode:239: TUI: terminal mode 2048 detected, state 2
WRN 2026-09-06T19:52:26.555 ui.8692    tui_handle_term_mode:226: TUI: terminal mode 69 unavailable, state 0
WRN 2026-09-06T19:52:26.555 ui.8692    tui_handle_term_mode:239: TUI: terminal mode 2026 detected, state 2
WRN 2026-09-06T19:52:26.555 ui.8692    tui_handle_term_mode:226: TUI: terminal mode 2027 unavailable, state 0
WRN 2026-09-06T19:52:26.555 ui.8692    tui_handle_term_mode:239: TUI: terminal mode 2031 detected, state 2
WRN 2026-09-06T19:52:26.555 ui.8692    tui_handle_term_mode:239: TUI: terminal mode 2048 detected, state 2
WRN 2026-09-06T19:52:55.859 ui.8952    tui_handle_term_mode:226: TUI: terminal mode 69 unavailable, state 0
WRN 2026-09-06T19:52:55.859 ui.8952    tui_handle_term_mode:239: TUI: terminal mode 2026 detected, state 2
WRN 2026-09-06T19:52:55.859 ui.8952    tui_handle_term_mode:226: TUI: terminal mode 2027 unavailable, state 0
WRN 2026-09-06T19:52:55.859 ui.8952    tui_handle_term_mode:239: TUI: terminal mode 2031 detected, state 2
WRN 2026-09-06T19:52:55.859 ui.8952    tui_handle_term_mode:239: TUI: terminal mode 2048 detected, state 2
WRN 2026-09-06T19:54:57.267 ui.9607    tui_handle_term_mode:226: TUI: terminal mode 69 unavailable, state 0
WRN 2026-09-06T19:54:57.267 ui.9607    tui_handle_term_mode:239: TUI: terminal mode 2026 detected, state 2
WRN 2026-09-06T19:54:57.267 ui.9607    tui_handle_term_mode:226: TUI: terminal mode 2027 unavailable, state 0
WRN 2026-09-06T19:54:57.267 ui.9607    tui_handle_term_mode:239: TUI: terminal mode 2031 detected, state 2
WRN 2026-09-06T19:54:57.267 ui.9607    tui_handle_term_mode:239: TUI: terminal mode 2048 detected, state 2
WRN 2026-09-06T20:02:04.318 ui.11556   tui_handle_term_mode:226: TUI: terminal mode 69 unavailable, state 0
WRN 2026-09-06T20:02:04.318 ui.11556   tui_handle_term_mode:239: TUI: terminal mode 2026 detected, state 2
WRN 2026-09-06T20:02:04.318 ui.11556   tui_handle_term_mode:226: TUI: terminal mode 2027 unavailable, state 0
WRN 2026-09-06T20:02:04.318 ui.11556   tui_handle_term_mode:239: TUI: terminal mode 2031 detected, state 2
WRN 2026-09-06T20:02:04.318 ui.11556   tui_handle_term_mode:239: TUI: terminal mode 2048 detected, state 2
WRN 2026-09-06T20:35:57.234 ui.22847   tui_handle_term_mode:226: TUI: terminal mode 69 unavailable, state 0
WRN 2026-09-06T20:35:57.234 ui.22847   tui_handle_term_mode:239: TUI: terminal mode 2026 detected, state 2
WRN 2026-09-06T20:35:57.234 ui.22847   tui_handle_term_mode:226: TUI: terminal mode 2027 unavailable, state 0
WRN 2026-09-06T20:35:57.234 ui.22847   tui_handle_term_mode:239: TUI: terminal mode 2031 detected, state 2
WRN 2026-09-06T20:35:57.234 ui.22847   tui_handle_term_mode:239: TUI: terminal mode 2048 detected, state 2
WRN 2026-09-06T20:39:12.846 ui.23586   tui_handle_term_mode:226: TUI: terminal mode 69 unavailable, state 0
WRN 2026-09-06T20:39:12.846 ui.23586   tui_handle_term_mode:239: TUI: terminal mode 2026 detected, state 2
WRN 2026-09-06T20:39:12.846 ui.23586   tui_handle_term_mode:226: TUI: terminal mode 2027 unavailable, state 0
WRN 2026-09-06T20:39:12.846 ui.23586   tui_handle_term_mode:239: TUI: terminal mode 2031 detected, state 2
WRN 2026-09-06T20:39:12.846 ui.23586   tui_handle_term_mode:239: TUI: terminal mode 2048 detected, state 2
WRN 2026-09-06T20:39:23.574 ui.23833   tui_handle_term_mode:226: TUI: terminal mode 69 unavailable, state 0
WRN 2026-09-06T20:39:23.574 ui.23833   tui_handle_term_mode:239: TUI: terminal mode 2026 detected, state 2
WRN 2026-09-06T20:39:23.574 ui.23833   tui_handle_term_mode:226: TUI: terminal mode 2027 unavailable, state 0
WRN 2026-09-06T20:39:23.574 ui.23833   tui_handle_term_mode:239: TUI: terminal mode 2031 detected, state 2
WRN 2026-09-06T20:39:23.574 ui.23833   tui_handle_term_mode:239: TUI: terminal mode 2048 detected, state 2
WRN 2026-09-06T20:43:33.643 ui.25363   tui_handle_term_mode:226: TUI: terminal mode 69 unavailable, state 0
WRN 2026-09-06T20:43:33.643 ui.25363   tui_handle_term_mode:239: TUI: terminal mode 2026 detected, state 2
WRN 2026-09-06T20:43:33.643 ui.25363   tui_handle_term_mode:226: TUI: terminal mode 2027 unavailable, state 0
WRN 2026-09-06T20:43:33.643 ui.25363   tui_handle_term_mode:239: TUI: terminal mode 2031 detected, state 2
WRN 2026-09-06T20:43:33.643 ui.25363   tui_handle_term_mode:239: TUI: terminal mode 2048 detected, state 2
WRN 2026-09-06T20:44:18.740 ui.26097   tui_handle_term_mode:226: TUI: terminal mode 69 unavailable, state 0
WRN 2026-09-06T20:44:18.740 ui.26097   tui_handle_term_mode:239: TUI: terminal mode 2026 detected, state 2
WRN 2026-09-06T20:44:18.740 ui.26097   tui_handle_term_mode:226: TUI: terminal mode 2027 unavailable, state 0
WRN 2026-09-06T20:44:18.740 ui.26097   tui_handle_term_mode:239: TUI: terminal mode 2031 detected, state 2
WRN 2026-09-06T20:44:18.740 ui.26097   tui_handle_term_mode:239: TUI: terminal mode 2048 detected, state 2
WRN 2026-09-06T20:45:47.403 ui.27290   tui_handle_term_mode:226: TUI: terminal mode 69 unavailable, state 0
WRN 2026-09-06T20:45:47.403 ui.27290   tui_handle_term_mode:239: TUI: terminal mode 2026 detected, state 2
WRN 2026-09-06T20:45:47.403 ui.27290   tui_handle_term_mode:226: TUI: terminal mode 2027 unavailable, state 0
WRN 2026-09-06T20:45:47.403 ui.27290   tui_handle_term_mode:239: TUI: terminal mode 2031 detected, state 2
WRN 2026-09-06T20:45:47.403 ui.27290   tui_handle_term_mode:239: TUI: terminal mode 2048 detected, state 2
WRN 2026-09-06T20:47:29.100 ui.29886   tui_handle_term_mode:226: TUI: terminal mode 69 unavailable, state 0
WRN 2026-09-06T20:47:29.100 ui.29886   tui_handle_term_mode:239: TUI: terminal mode 2026 detected, state 2
WRN 2026-09-06T20:47:29.100 ui.29886   tui_handle_term_mode:226: TUI: terminal mode 2027 unavailable, state 0
WRN 2026-09-06T20:47:29.100 ui.29886   tui_handle_term_mode:239: TUI: terminal mode 2031 detected, state 2
WRN 2026-09-06T20:47:29.100 ui.29886   tui_handle_term_mode:239: TUI: terminal mode 2048 detected, state 2
WRN 2026-09-06T20:49:30.637 ui.31167   tui_handle_term_mode:226: TUI: terminal mode 69 unavailable, state 0
WRN 2026-09-06T20:49:30.637 ui.31167   tui_handle_term_mode:239: TUI: terminal mode 2026 detected, state 2
WRN 2026-09-06T20:49:30.637 ui.31167   tui_handle_term_mode:226: TUI: terminal mode 2027 unavailable, state 0
WRN 2026-09-06T20:49:30.637 ui.31167   tui_handle_term_mode:239: TUI: terminal mode 2031 detected, state 2
WRN 2026-09-06T20:49:30.637 ui.31167   tui_handle_term_mode:239: TUI: terminal mode 2048 detected, state 2
WRN 2026-09-06T20:49:42.421 ui.31268   tui_handle_term_mode:226: TUI: terminal mode 69 unavailable, state 0
WRN 2026-09-06T20:49:42.421 ui.31268   tui_handle_term_mode:239: TUI: terminal mode 2026 detected, state 2
WRN 2026-09-06T20:49:42.421 ui.31268   tui_handle_term_mode:226: TUI: terminal mode 2027 unavailable, state 0
WRN 2026-09-06T20:49:42.421 ui.31268   tui_handle_term_mode:239: TUI: terminal mode 2031 detected, state 2
WRN 2026-09-06T20:49:42.421 ui.31268   tui_handle_term_mode:239: TUI: terminal mode 2048 detected, state 2
WRN 2026-09-06T20:50:00.480 ui.31487   tui_handle_term_mode:226: TUI: terminal mode 69 unavailable, state 0
WRN 2026-09-06T20:50:00.480 ui.31487   tui_handle_term_mode:239: TUI: terminal mode 2026 detected, state 2
WRN 2026-09-06T20:50:00.480 ui.31487   tui_handle_term_mode:226: TUI: terminal mode 2027 unavailable, state 0
WRN 2026-09-06T20:50:00.480 ui.31487   tui_handle_term_mode:239: TUI: terminal mode 2031 detected, state 2
WRN 2026-09-06T20:50:00.480 ui.31487   tui_handle_term_mode:239: TUI: terminal mode 2048 detected, state 2
WRN 2026-09-06T20:52:17.564 ui.32176   tui_handle_term_mode:226: TUI: terminal mode 69 unavailable, state 0
WRN 2026-09-06T20:52:17.564 ui.32176   tui_handle_term_mode:239: TUI: terminal mode 2026 detected, state 2
WRN 2026-09-06T20:52:17.564 ui.32176   tui_handle_term_mode:226: TUI: terminal mode 2027 unavailable, state 0
WRN 2026-09-06T20:52:17.564 ui.32176   tui_handle_term_mode:239: TUI: terminal mode 2031 detected, state 2
WRN 2026-09-06T20:52:17.564 ui.32176   tui_handle_term_mode:239: TUI: terminal mode 2048 detected, state 2
WRN 2026-09-06T20:52:25.751 ui.32222   tui_handle_term_mode:226: TUI: terminal mode 69 unavailable, state 0
WRN 2026-09-06T20:52:25.751 ui.32222   tui_handle_term_mode:239: TUI: terminal mode 2026 detected, state 2
WRN 2026-09-06T20:52:25.751 ui.32222   tui_handle_term_mode:226: TUI: terminal mode 2027 unavailable, state 0
WRN 2026-09-06T20:52:25.751 ui.32222   tui_handle_term_mode:239: TUI: terminal mode 2031 detected, state 2
WRN 2026-09-06T20:52:25.751 ui.32222   tui_handle_term_mode:239: TUI: terminal mode 2048 detected, state 2
WRN 2026-09-06T21:03:11.497 ui.34517   tui_handle_term_mode:226: TUI: terminal mode 69 unavailable, state 0
WRN 2026-09-06T21:03:11.497 ui.34517   tui_handle_term_mode:239: TUI: terminal mode 2026 detected, state 2
WRN 2026-09-06T21:03:11.497 ui.34517   tui_handle_term_mode:226: TUI: terminal mode 2027 unavailable, state 0
WRN 2026-09-06T21:03:11.497 ui.34517   tui_handle_term_mode:239: TUI: terminal mode 2031 detected, state 2
WRN 2026-09-06T21:03:11.497 ui.34517   tui_handle_term_mode:239: TUI: terminal mode 2048 detected, state 2
WRN 2026-09-06T21:03:16.654 ui.34753   tui_handle_term_mode:226: TUI: terminal mode 69 unavailable, state 0
WRN 2026-09-06T21:03:16.654 ui.34753   tui_handle_term_mode:239: TUI: terminal mode 2026 detected, state 2
WRN 2026-09-06T21:03:16.654 ui.34753   tui_handle_term_mode:226: TUI: terminal mode 2027 unavailable, state 0
WRN 2026-09-06T21:03:16.654 ui.34753   tui_handle_term_mode:239: TUI: terminal mode 2031 detected, state 2
WRN 2026-09-06T21:03:16.654 ui.34753   tui_handle_term_mode:239: TUI: terminal mode 2048 detected, state 2
WRN 2026-09-06T21:06:02.731 ui.35741   tui_handle_term_mode:226: TUI: terminal mode 69 unavailable, state 0
WRN 2026-09-06T21:06:02.731 ui.35741   tui_handle_term_mode:239: TUI: terminal mode 2026 detected, state 2
WRN 2026-09-06T21:06:02.731 ui.35741   tui_handle_term_mode:226: TUI: terminal mode 2027 unavailable, state 0
WRN 2026-09-06T21:06:02.731 ui.35741   tui_handle_term_mode:239: TUI: terminal mode 2031 detected, state 2
WRN 2026-09-06T21:06:02.731 ui.35741   tui_handle_term_mode:239: TUI: terminal mode 2048 detected, state 2
WRN 2026-09-06T21:21:25.411 ui.40135   tui_handle_term_mode:226: TUI: terminal mode 69 unavailable, state 0
WRN 2026-09-06T21:21:25.411 ui.40135   tui_handle_term_mode:239: TUI: terminal mode 2026 detected, state 2
WRN 2026-09-06T21:21:25.411 ui.40135   tui_handle_term_mode:226: TUI: terminal mode 2027 unavailable, state 0
WRN 2026-09-06T21:21:25.411 ui.40135   tui_handle_term_mode:239: TUI: terminal mode 2031 detected, state 2
WRN 2026-09-06T21:21:25.411 ui.40135   tui_handle_term_mode:239: TUI: terminal mode 2048 detected, state 2
WRN 2026-09-06T21:23:36.900 ui.40788   tui_handle_term_mode:226: TUI: terminal mode 69 unavailable, state 0
WRN 2026-09-06T21:23:36.900 ui.40788   tui_handle_term_mode:239: TUI: terminal mode 2026 detected, state 2
WRN 2026-09-06T21:23:36.900 ui.40788   tui_handle_term_mode:226: TUI: terminal mode 2027 unavailable, state 0
WRN 2026-09-06T21:23:36.900 ui.40788   tui_handle_term_mode:239: TUI: terminal mode 2031 detected, state 2
WRN 2026-09-06T21:23:36.900 ui.40788   tui_handle_term_mode:239: TUI: terminal mode 2048 detected, state 2
WRN 2026-09-06T21:23:42.123 ui.40857   tui_handle_term_mode:226: TUI: terminal mode 69 unavailable, state 0
WRN 2026-09-06T21:23:42.123 ui.40857   tui_handle_term_mode:239: TUI: terminal mode 2026 detected, state 2
WRN 2026-09-06T21:23:42.123 ui.40857   tui_handle_term_mode:226: TUI: terminal mode 2027 unavailable, state 0
WRN 2026-09-06T21:23:42.123 ui.40857   tui_handle_term_mode:239: TUI: terminal mode 2031 detected, state 2
WRN 2026-09-06T21:23:42.123 ui.40857   tui_handle_term_mode:239: TUI: terminal mode 2048 detected, state 2
WRN 2026-09-06T21:37:55.388 ui.55222   tui_handle_term_mode:226: TUI: terminal mode 69 unavailable, state 0
WRN 2026-09-06T21:37:55.388 ui.55222   tui_handle_term_mode:239: TUI: terminal mode 2026 detected, state 2
WRN 2026-09-06T21:37:55.388 ui.55222   tui_handle_term_mode:226: TUI: terminal mode 2027 unavailable, state 0
WRN 2026-09-06T21:37:55.388 ui.55222   tui_handle_term_mode:239: TUI: terminal mode 2031 detected, state 2
WRN 2026-09-06T21:37:55.388 ui.55222   tui_handle_term_mode:239: TUI: terminal mode 2048 detected, state 2
WRN 2026-09-07T12:35:26.366 ui.3472    tui_handle_term_mode:226: TUI: terminal mode 69 unavailable, state 0
WRN 2026-09-07T12:35:26.366 ui.3472    tui_handle_term_mode:239: TUI: terminal mode 2026 detected, state 2
WRN 2026-09-07T12:35:26.366 ui.3472    tui_handle_term_mode:226: TUI: terminal mode 2027 unavailable, state 0
WRN 2026-09-07T12:35:26.366 ui.3472    tui_handle_term_mode:239: TUI: terminal mode 2031 detected, state 2
WRN 2026-09-07T12:35:26.366 ui.3472    tui_handle_term_mode:239: TUI: terminal mode 2048 detected, state 2
